{"_runtime":14,"val_recall":0.9656891158748342,"val_precision":0.9665562239669772,"train_precision":0.9775448400445346,"train_recall":0.9774623686947976,"_timestamp":1.7728752340575137e+09,"test_loss":0.11615793097651451,"test_f1":0.9670063835600109,"_step":1,"epoch":2,"val_accuracy":0.966,"val_f1":0.9657072021158525,"test_recall":0.9670226884228219,"train_accuracy":0.9773888888888889,"train_loss":0.07676161218031441,"test_accuracy":0.9672,"val_loss":0.115349480523629,"train_f1":0.9773226854585705,"_wandb":{"runtime":14},"test_precision":0.9674095483816275,"batch_loss_mean":0.11023578189527226}