{"_runtime":26,"test_accuracy":0.9652,"val_loss":0.13076052191738208,"test_precision":0.9652248903199278,"_wandb":{"runtime":26},"train_recall":0.9758798639963654,"train_f1":0.976072559204329,"test_loss":0.12403241184476539,"_timestamp":1.7728805423341796e+09,"train_accuracy":0.9762222222222222,"val_f1":0.9643922117317336,"_step":4,"train_loss":0.08149886988172905,"val_precision":0.9650554488755645,"test_recall":0.9648076504392629,"batch_loss_mean":0.09779578281637608,"val_recall":0.964342040909786,"epoch":5,"test_f1":0.9648813860594467,"val_accuracy":0.9645,"train_precision":0.9765165520122474}