{"_runtime":13,"val_accuracy":0.0735,"_wandb":{"runtime":13},"epoch":5,"_step":5,"val_loss":2.335299504798845,"_timestamp":1.772743411227445e+09,"train_accuracy":0.07350908372827804,"test_accuracy":0.0728,"train_loss":2.3349624322440827}