{"layer_3_activation_std":1.695723110063505,"test_precision":0.9760797621082482,"test_recall":0.9760392453289752,"val_precision":0.9755951650159259,"train_accuracy":0.9922037037037037,"layer_3_activation_mean":1.0204424367899014,"test_accuracy":0.9762,"layer_1_zero_fraction":0.619140625,"layer_2_zero_fraction":0.66259765625,"layer_1_activation_std":1.7196478004019768,"layer_1_activation_mean":0.6091304419429391,"train_f1":0.9921112084411987,"train_recall":0.9921298046250244,"_runtime":125,"layer_2_activation_std":1.2872507548326728,"test_loss":0.15421336990584494,"train_precision":0.9921332326470248,"val_f1":0.9755887234017303,"layer_2_activation_mean":0.5964280899218264,"_step":50649,"val_loss":0.1698130574630293,"batch_loss_mean":0.04564926682867301,"val_accuracy":0.976,"test_f1":0.9759670081535097,"_wandb":{"runtime":125},"epoch":10,"layer_3_zero_fraction":0.5576171875,"train_loss":0.03315978825411059,"_timestamp":1.7728987868038845e+09,"val_recall":0.975828261392641}