{"val_accuracy":0.0975,"train_loss":14.546151646173623,"epoch":5,"_wandb":{"runtime":16},"_step":5,"train_accuracy":0.09752665876777251,"_runtime":16,"val_loss":14.546581334739885,"_timestamp":1.772745119287379e+09,"test_accuracy":0.0974}