{"train_precision":0.3954226477745785,"train_recall":0.20614743732515559,"val_loss":2.263428703343339,"_timestamp":1.7728789023576193e+09,"_runtime":24,"_wandb":{"runtime":24},"train_f1":0.16898647360327473,"epoch":5,"val_accuracy":0.21983333333333333,"test_loss":2.2626435350015663,"test_recall":0.2136874718756904,"test_f1":0.17734501656525578,"test_accuracy":0.2242,"test_precision":0.3902740133317598,"batch_loss_mean":2.270546206879264,"_step":4,"val_precision":0.38897500893940395,"val_f1":0.16842641928654145,"val_recall":0.20837668496249212,"train_loss":2.263423910992671,"train_accuracy":0.21838888888888888}