{"val_accuracy":0.09033333333333333,"epoch":5,"_runtime":11,"_step":5,"train_accuracy":0.0903436018957346,"_timestamp":1.7727439871147542e+09,"test_accuracy":0.0892,"_wandb":{"runtime":11},"train_loss":2.3028431112852115,"val_loss":2.3028672708460998}