{"_runtime":40,"val_loss":2.3030701995582574,"test_accuracy":0.0892,"_timestamp":1.7727428577571218e+09,"train_accuracy":0.09036211492890996,"_step":5,"epoch":5,"train_loss":2.3030157412490317,"val_accuracy":0.09033333333333333,"_wandb":{"runtime":40}}