{"val_loss":0.12006537504488328,"test_precision":0.9671092171704816,"test_accuracy":0.9672,"test_loss":0.11579832289370147,"test_recall":0.966900431829034,"val_recall":0.9633130657687102,"train_f1":0.974675358578114,"train_loss":0.0928600012868365,"val_accuracy":0.9636666666666667,"train_accuracy":0.9748333333333333,"_wandb":{"runtime":10},"train_precision":0.9747681836245367,"test_f1":0.9669432182103535,"val_precision":0.9633046633641392,"_runtime":10,"batch_loss_mean":0.1019853248839484,"train_recall":0.9746172425217312,"_step":9,"_timestamp":1.772878620233014e+09,"epoch":10,"val_f1":0.9632611115775754}