{"_runtime":7,"train_accuracy":0.10440292823290453,"test_accuracy":0.1028,"val_loss":14.433754665883175,"_step":5,"epoch":5,"val_accuracy":0.1045,"train_loss":14.435319277900495,"_timestamp":1.772744601597276e+09,"_wandb":{"runtime":7}}