{"batch_loss_mean":2.301743517576824,"train_loss":2.301660580288878,"train_precision":0.011237037037037037,"train_accuracy":0.11237037037037037,"val_loss":2.301702250956037,"val_recall":0.1,"_wandb":{"runtime":9},"train_recall":0.1,"test_loss":2.3016338811599444,"test_accuracy":0.1135,"_step":4,"train_f1":0.020203769061730038,"test_recall":0.1,"test_precision":0.01135,"epoch":5,"val_f1":0.02019778243931675,"val_accuracy":0.11233333333333333,"test_f1":0.0203861697350696,"_runtime":9,"val_precision":0.011233333333333333,"_timestamp":1.7728805901495557e+09}