{"val_f1":0.02019778243931675,"val_accuracy":0.11233333333333333,"val_recall":0.1,"test_loss":2.3010185610153373,"test_f1":0.0203861697350696,"train_recall":0.1,"epoch":5,"test_precision":0.01135,"test_accuracy":0.1135,"train_f1":0.020203769061730038,"_runtime":12,"train_accuracy":0.11237037037037037,"_wandb":{"runtime":12},"train_precision":0.011237037037037037,"val_loss":2.3013677111002635,"_timestamp":1.772878535180486e+09,"_step":4,"test_recall":0.1,"train_loss":2.3011144003637645,"val_precision":0.011233333333333333,"batch_loss_mean":2.30115688637149}