{"_timestamp":1.7728787096162095e+09,"train_loss":0.7456209989706668,"train_recall":0.8229465065285785,"test_accuracy":0.8331,"train_precision":0.8262156838361554,"test_f1":0.8292388014812143,"test_precision":0.8324711055053786,"batch_loss_mean":0.7695064654102143,"val_recall":0.826925610389966,"val_precision":0.8295580490313992,"_runtime":7,"val_loss":0.7396756612320026,"val_accuracy":0.8305,"train_f1":0.8227003825664383,"val_f1":0.8267194266745685,"_step":9,"_wandb":{"runtime":7},"epoch":10,"train_accuracy":0.8265740740740741,"test_recall":0.8298108072328547,"test_loss":0.7220961383783573}