{"test_precision":0.8569746090188135,"epoch":10,"neuron_3_grad":-0.004572415238527291,"train_loss":0.34391683938119644,"val_recall":0.8657756105186344,"test_f1":0.85567085783756,"_runtime":173,"_wandb":{"runtime":173},"neuron_2_grad":-0.0028725221263162398,"val_f1":0.8635053814362387,"layer_2_activation_std":0.5459421242501487,"layer_2_zero_fraction":0,"test_accuracy":0.8578,"train_precision":0.8781339845639853,"val_precision":0.8652669726195565,"layer_2_activation_mean":0.008043183758469602,"_timestamp":1.7730523228717613e+09,"test_loss":0.39570603430308077,"batch_loss_mean":0.350165447943391,"_step":118169,"test_recall":0.8578000000000001,"neuron_5_grad":0.00201865267103745,"train_f1":0.8766298263166913,"val_accuracy":0.8655,"val_loss":0.3648638763266491,"neuron_1_grad":-0.010073169873836123,"layer_1_activation_mean":-0.019356070355634487,"layer_1_zero_fraction":0,"layer_1_activation_std":0.5748410458719212,"train_accuracy":0.8781296296296296,"neuron_4_grad":-0.00196603970036816,"train_recall":0.8781106641597975}