{"val_loss":2.326385056377287,"train_loss":2.3223341280744165,"_wandb":{"runtime":8},"epoch":5,"_runtime":8,"_step":5,"train_accuracy":0.10706087085308057,"test_accuracy":0.1057,"val_accuracy":0.10483333333333333,"_timestamp":1.7727428822871122e+09}