{"val_loss":0.29542496728161005,"train_recall":0.9125043311873823,"train_loss":0.3049939441162449,"test_f1":0.9164828083918382,"epoch":10,"train_precision":0.9127555127199607,"train_f1":0.9125301076580989,"_step":9,"_wandb":{"runtime":7},"batch_loss_mean":0.31037968588021214,"_timestamp":1.772878852190493e+09,"test_precision":0.9166637046176946,"test_accuracy":0.9176,"val_precision":0.9173775160650381,"test_recall":0.9166058273616449,"_runtime":7,"val_f1":0.9168413064875711,"test_loss":0.29335608549549413,"train_accuracy":0.9136666666666666,"val_accuracy":0.918,"val_recall":0.9166580990755226}