{"_runtime":26,"val_loss":2.303613485096565,"test_accuracy":0.0892,"_wandb":{"runtime":26},"train_accuracy":0.0903806279620853,"epoch":5,"train_loss":2.3034806652362763,"val_accuracy":0.09033333333333333,"_timestamp":1.7727436847180822e+09,"_step":5}