{"layer_1_activation_mean":0.3479506252870881,"val_f1":0.9764012298991543,"val_loss":0.08049829419756609,"train_loss":0.03107536323740294,"batch_loss_mean":0.04819466520919261,"epoch":10,"train_accuracy":0.9909814814814815,"layer_1_zero_fraction":0.65087890625,"train_f1":0.9909177858651544,"neuron_5_grad":-2.3823328904793746e-06,"layer_2_activation_std":1.118262047491673,"test_loss":0.09205995852215829,"layer_2_zero_fraction":0.3251953125,"_timestamp":1.7729188634051037e+09,"neuron_4_grad":2.0143263177229165e-05,"val_accuracy":0.9766666666666667,"train_recall":0.9908916300134705,"neuron_2_grad":-4.030407824056334e-05,"layer_2_activation_mean":0.9370000468617691,"test_recall":0.9747072042012459,"test_f1":0.9747388235220363,"neuron_3_grad":0,"train_precision":0.9909767499743805,"val_precision":0.9764332887667649,"layer_1_activation_std":0.7290727216904457,"neuron_1_grad":0,"test_accuracy":0.9749,"_runtime":160,"_wandb":{"runtime":160},"val_recall":0.976455368316605,"test_precision":0.97485068409673,"_step":118169}