{"test_loss":0.12165721184231913,"train_accuracy":0.9681296296296297,"_timestamp":1.772878243340872e+09,"epoch":10,"val_f1":0.9619835489388009,"val_recall":0.9624547740880078,"val_accuracy":0.9625,"test_accuracy":0.9632,"train_loss":0.10454671045989469,"val_loss":0.12528829328926294,"_wandb":{"runtime":37},"train_precision":0.9679107997823492,"batch_loss_mean":0.12859665506950038,"test_recall":0.9635436565380754,"train_recall":0.968401403616966,"test_precision":0.962897819421072,"val_precision":0.9622981564610962,"train_f1":0.9678766279069695,"test_f1":0.9629195636063898,"_runtime":37,"_step":9}