{"train_recall":0.9805506582881593,"val_loss":0.11207778940549643,"train_loss":0.07102415826145694,"train_accuracy":0.980574074074074,"_wandb":{"runtime":11},"_timestamp":1.7728806242707999e+09,"test_loss":0.11520160669976517,"batch_loss_mean":0.08816295601004814,"val_f1":0.9686042253766278,"train_f1":0.9804339007278962,"test_recall":0.9702889929811247,"_step":4,"val_accuracy":0.969,"test_accuracy":0.9704,"train_precision":0.9803653174648339,"_runtime":11,"test_precision":0.9702009588347916,"test_f1":0.9702050916695196,"val_recall":0.9688387385022554,"epoch":5,"val_precision":0.9686636444208949}