{"val_loss":2.301404337651484,"test_recall":0.1,"train_accuracy":0.11237037037037037,"_step":4,"val_accuracy":0.11233333333333333,"test_accuracy":0.1135,"train_recall":0.1,"batch_loss_mean":2.3012218008332823,"_timestamp":1.7728794572118075e+09,"_runtime":14,"val_f1":0.02019778243931675,"train_precision":0.011237037037037037,"epoch":5,"train_loss":2.3011434408306584,"val_precision":0.011233333333333333,"train_f1":0.020203769061730038,"val_recall":0.1,"test_loss":2.301050403960476,"test_precision":0.01135,"test_f1":0.0203861697350696,"_wandb":{"runtime":14}}