{"_wandb":{"runtime":19},"test_accuracy":0.0892,"val_loss":2.302944207896691,"val_accuracy":0.09033333333333333,"_step":5,"train_loss":2.3029098472181895,"_runtime":19,"epoch":5,"train_accuracy":0.0903682859399684,"_timestamp":1.772742056155006e+09}