{"epoch":10,"test_recall":0.1,"_timestamp":1.772878033867088e+09,"train_precision":0.011237037037037037,"val_loss":2.301411359673578,"val_precision":0.011233333333333333,"train_recall":0.1,"val_f1":0.02019778243931675,"test_loss":2.301044384768037,"_runtime":33,"_wandb":{"runtime":33},"train_accuracy":0.11237037037037037,"train_loss":2.3011240543875036,"_step":9,"test_precision":0.01135,"test_accuracy":0.1135,"val_recall":0.1,"train_f1":0.020203769061730038,"val_accuracy":0.11233333333333333,"batch_loss_mean":2.3013149756801545,"test_f1":0.0203861697350696}