{"val_loss":0.2011137315741125,"train_loss":0.14707951013124895,"epoch":5,"val_accuracy":0.9558333333333333,"train_precision":0.9633262122419397,"test_f1":0.9524090021655196,"test_loss":0.23922138299600387,"val_f1":0.9558010815799491,"train_accuracy":0.962574074074074,"train_recall":0.9625395079988079,"_step":4,"train_f1":0.962372814154077,"test_recall":0.9524137560957501,"_wandb":{"runtime":11},"val_precision":0.9571566391702001,"batch_loss_mean":0.13322551794443177,"_timestamp":1.7728795516557941e+09,"test_precision":0.9538504112292268,"_runtime":11,"val_recall":0.9556394680849639,"test_accuracy":0.9526}