{"val_loss":2.2997912653075856,"batch_loss_mean":2.2997552003834048,"epoch":5,"train_precision":0.011237037037037037,"_step":4,"train_accuracy":0.11237037037037037,"test_recall":0.1,"train_loss":2.299515514649295,"train_recall":0.1,"val_precision":0.011233333333333333,"test_f1":0.0203861697350696,"_runtime":12,"test_precision":0.01135,"test_loss":2.2994199981788195,"_timestamp":1.7728788083216994e+09,"train_f1":0.020203769061730038,"val_f1":0.02019778243931675,"_wandb":{"runtime":12},"val_recall":0.1,"test_accuracy":0.1135,"val_accuracy":0.11233333333333333}