{"test_accuracy":0.0958,"_wandb":{"runtime":25},"train_loss":14.528588978585733,"train_accuracy":0.09861628300609344,"_runtime":25,"_timestamp":1.7727415573104706e+09,"_step":5,"epoch":5,"val_loss":14.527776889930433,"val_accuracy":0.09866666666666667}