{"val_precision":0.9667028577806385,"epoch":5,"test_recall":0.967168935013462,"test_loss":0.10912578657274671,"test_f1":0.9672139687505572,"_wandb":{"runtime":25},"batch_loss_mean":0.08402880615857171,"train_accuracy":0.9762407407407407,"val_accuracy":0.967,"train_loss":0.0762803061773341,"_step":4,"train_recall":0.9759561006953934,"train_precision":0.9763298958145581,"test_precision":0.9676322615609696,"test_accuracy":0.9676,"val_loss":0.11424416216758854,"val_recall":0.9667551049126966,"val_f1":0.9665947905004169,"_runtime":25,"_timestamp":1.7728802140872185e+09,"train_f1":0.9760343531761319}