{"train_precision":0.9366080117884724,"_runtime":14,"test_loss":0.21548419205454747,"train_accuracy":0.9367592592592593,"epoch":5,"val_accuracy":0.937,"batch_loss_mean":0.23500765149013492,"val_recall":0.9359333856762714,"train_recall":0.935777416055004,"_wandb":{"runtime":14},"val_precision":0.9370427093542965,"test_accuracy":0.9385,"val_f1":0.9363043159253,"test_recall":0.9375144487181165,"_step":4,"test_precision":0.9383241519890919,"val_loss":0.22024721755793145,"_timestamp":1.772880382625185e+09,"train_loss":0.2193958891016594,"test_f1":0.9377399437283312,"train_f1":0.9360631951885079}