{"_runtime":11,"val_loss":2.3026221743218374,"val_accuracy":0.09033333333333333,"_timestamp":1.7727433807103064e+09,"_step":5,"_wandb":{"runtime":11},"test_accuracy":0.0892,"train_accuracy":0.0903541807718348,"epoch":5,"train_loss":2.302617763146072}