{"epoch":5,"_wandb":{"runtime":21},"train_accuracy":0.07605154028436019,"_timestamp":1.7727456321892874e+09,"_runtime":21,"val_loss":2.30247010641091,"train_loss":2.302473318193035,"test_accuracy":0.0767,"val_accuracy":0.08266666666666667,"_step":5}