{"_runtime":12,"_timestamp":1.772744114663336e+09,"test_accuracy":0.098,"_wandb":{"runtime":12},"val_accuracy":0.09866666666666667,"epoch":5,"val_loss":NaN,"_step":5,"train_loss":NaN,"train_accuracy":0.09317609597156398}