{"val_loss":2.302600114094505,"train_loss":2.3026039080433036,"train_accuracy":0.06230164607312119,"val_accuracy":0.0685,"test_accuracy":0.061,"_step":5,"epoch":5,"_runtime":5,"_wandb":{"runtime":5},"_timestamp":1.772743782219647e+09}