{"train_loss":1.5011612689849885,"train_f1":0.35957633521858173,"train_recall":0.43091639273788596,"val_accuracy":0.447,"val_f1":0.36442351943981427,"test_f1":0.37013923776357416,"test_accuracy":0.455,"train_accuracy":0.4421111111111111,"val_precision":0.3172106893817574,"test_loss":1.4795708878929608,"batch_loss_mean":1.5478273115024372,"_wandb":{"runtime":60},"_timestamp":1.7728801576991038e+09,"test_precision":0.3230919437667197,"_step":9,"val_recall":0.4388772350087546,"_runtime":60,"epoch":10,"train_precision":0.3130873950336647,"val_loss":1.4871839404771134,"test_recall":0.44422507370321035}