{"layer_2_activation_mean":0,"test_loss":2.301085796260197,"val_f1":0.02019778243931675,"layer_2_zero_fraction":1,"test_accuracy":0.1135,"layer_2_activation_std":0,"train_precision":0.011237037037037037,"_wandb":{"runtime":166},"_step":118169,"train_loss":2.30115110713623,"val_loss":2.3015255595334274,"val_accuracy":0.11233333333333333,"layer_1_zero_fraction":1,"_runtime":166,"_timestamp":1.7729055540360563e+09,"train_accuracy":0.11237037037037037,"test_f1":0.0203861697350696,"neuron_1_grad":0,"neuron_2_grad":0,"val_precision":0.011233333333333333,"test_precision":0.01135,"neuron_3_grad":0,"epoch":10,"layer_1_activation_mean":0,"neuron_5_grad":0,"neuron_4_grad":0,"train_recall":0.1,"train_f1":0.020203769061730038,"layer_1_activation_std":0,"batch_loss_mean":2.3013449064180853,"val_recall":0.1,"test_recall":0.1}