{"val_loss":0.30147484504550054,"train_recall":0.9110424717780331,"_wandb":{"runtime":25},"val_recall":0.9138847735139631,"val_f1":0.9140409846509023,"test_accuracy":0.9161,"_runtime":25,"test_recall":0.9149377898456731,"val_precision":0.9145952112694437,"test_precision":0.9149682667239993,"epoch":10,"test_loss":0.2964617595883653,"train_precision":0.9112000852415815,"train_f1":0.9110072679687576,"test_f1":0.9147646940824534,"train_loss":0.30821461092177127,"batch_loss_mean":0.3137956105356672,"_step":9,"val_accuracy":0.9153333333333333,"_timestamp":1.7728784825515356e+09,"train_accuracy":0.9122962962962963}