{"val_recall":0.10032,"train_f1":0.02101104547822582,"_runtime":25,"val_accuracy":0.11266666666666666,"_wandb":{"runtime":25},"test_loss":2.2723599469120894,"_step":4,"test_f1":0.022327851165720246,"batch_loss_mean":2.2928652556347138,"train_accuracy":0.1126111111111111,"epoch":5,"val_loss":2.272478150556828,"_timestamp":1.7728786029904218e+09,"train_loss":2.2732960819405488,"val_f1":0.021114198065614202,"val_precision":0.013083291244867037,"test_accuracy":0.1144,"test_precision":0.015189110493139927,"train_precision":0.012598477054172233,"test_recall":0.10092402464065708,"train_recall":0.10024875621890547}