{"val_recall":0.1,"_step":4,"_wandb":{"runtime":15},"test_f1":0.0203861697350696,"val_loss":2.3013453225531015,"val_f1":0.02019778243931675,"train_loss":2.301183614982365,"train_f1":0.020203769061730038,"test_precision":0.01135,"train_accuracy":0.11237037037037037,"batch_loss_mean":2.3013075474047135,"train_recall":0.1,"_runtime":15,"epoch":5,"test_accuracy":0.1135,"_timestamp":1.7728789262386377e+09,"val_accuracy":0.11233333333333333,"val_precision":0.011233333333333333,"test_recall":0.1,"test_loss":2.3011215343694844,"train_precision":0.011237037037037037}