{"val_loss":0.13822924300779313,"test_recall":0.9599622855597923,"test_precision":0.9603959578643991,"test_f1":0.9599953105700688,"_wandb":{"runtime":29},"_runtime":29,"train_f1":0.9713372748962966,"_step":9,"val_accuracy":0.9608333333333333,"train_accuracy":0.9716111111111111,"test_accuracy":0.9604,"epoch":10,"train_loss":0.09631807919036968,"train_recall":0.9714067019541683,"val_precision":0.9606812951837229,"val_recall":0.9605188470626608,"test_loss":0.14926208348493036,"batch_loss_mean":0.11543303694193482,"_timestamp":1.772880050172883e+09,"train_precision":0.9715449725194063,"val_f1":0.9603728760525954}