{"test_accuracy":0.0892,"_runtime":9,"_step":5,"train_loss":2.3031856196180978,"train_accuracy":0.09035153605280975,"epoch":5,"val_loss":2.3032693858307933,"val_accuracy":0.09033333333333333,"_wandb":{"runtime":9},"_timestamp":1.7727452309500906e+09}