{"batch_loss_mean":0.15469719507768856,"val_accuracy":0.9538333333333333,"test_accuracy":0.9538,"train_precision":0.9601645912384464,"test_precision":0.9534457000709287,"train_accuracy":0.9603148148148148,"_timestamp":1.772880269971961e+09,"_wandb":{"runtime":16},"epoch":5,"train_recall":0.9601655129178924,"test_recall":0.953689455470575,"_runtime":16,"val_loss":0.15550112787973208,"test_loss":0.15092173720081176,"val_recall":0.9532229367221676,"test_f1":0.9532747147774587,"val_precision":0.9539742282249406,"train_f1":0.9599330101604421,"val_f1":0.9531935976065921,"_step":4,"train_loss":0.13586857193343488}