{"_wandb":{"runtime":15},"_timestamp":1.7727448939446335e+09,"train_loss":14.549135594550393,"_step":5,"train_accuracy":0.09734152843601895,"val_loss":14.549267683998377,"val_accuracy":0.09733333333333333,"test_accuracy":0.0982,"epoch":5,"_runtime":15}