{"val_accuracy":0.09866666666666667,"_runtime":22,"_step":5,"_wandb":{"runtime":22},"train_loss":NaN,"train_accuracy":0.09873000592417061,"val_loss":NaN,"test_accuracy":0.098,"_timestamp":1.7727431916572785e+09,"epoch":5}