{"val_loss":0.24923934765450498,"layer_0_std":0.6583702395676354,"first_layer_grad_norm":NaN,"layer_1_mean":0.7265321672599424,"_step":20,"test_accuracy":0.9342,"layer_0_dead_neurons":0.8933649289099526,"layer_0_mean":0.5443071333580053,"layer_1_std":0.8757552034328924,"epoch":20,"layer_1_dead_neurons":14.459715639810426,"train_loss":0.23471254328448513,"_wandb":{"runtime":101},"_timestamp":1.7728104364436474e+09,"layer_3_mean":1.1372726600424456,"layer_3_std":1.3256355860547997,"_runtime":101,"train_accuracy":0.9323410347551343,"layer_3_dead_neurons":20.989336492890995,"val_accuracy":0.9275,"layer_2_std":1.0804084670953586,"layer_2_mean":1.0772521130076194,"layer_2_dead_neurons":10.678909952606634}