{"_step":5,"val_loss":14.546581334739885,"train_loss":14.546492668845238,"epoch":5,"_timestamp":1.77274224632486e+09,"test_accuracy":0.0974,"_wandb":{"runtime":24},"val_accuracy":0.0975,"_runtime":24,"train_accuracy":0.09750550101557211}