{"val_accuracy":0.09033333333333333,"train_accuracy":0.09036211492890996,"_runtime":26,"epoch":5,"val_loss":2.3036061344460403,"_wandb":{"runtime":26},"test_accuracy":0.0892,"_step":5,"train_loss":2.303475813755321,"_timestamp":1.772745051808116e+09}