{"_wandb":{"runtime":33},"_timestamp":1.7727427493932698e+09,"val_accuracy":0.09933333333333333,"_step":5,"_runtime":33,"test_accuracy":0.1032,"train_loss":3.5933736253372017,"train_accuracy":0.09928539691943128,"epoch":5,"val_loss":4.053477939115398}