{"test_loss":1.9743780137902232,"val_accuracy":0.6105,"test_precision":0.7288652860765883,"_runtime":11,"_wandb":{"runtime":11},"epoch":5,"test_accuracy":0.6231,"val_precision":0.7242886728801468,"train_recall":0.6006097056844332,"_timestamp":1.7728801786402576e+09,"train_f1":0.5740664267744252,"val_loss":1.9799422619207392,"train_loss":1.981597085256111,"val_f1":0.5752841515075585,"batch_loss_mean":2.038567090128357,"train_accuracy":0.611037037037037,"_step":4,"test_recall":0.6130745483377554,"test_f1":0.5885149885319741,"train_precision":0.7188236573224426,"val_recall":0.5996951212194237}