{"test_accuracy":0.1135,"val_f1":0.02019778243931675,"train_loss":2.3000769190027723,"val_precision":0.011233333333333333,"train_accuracy":0.11237037037037037,"test_precision":0.01135,"batch_loss_mean":2.300138300088123,"epoch":10,"train_recall":0.1,"test_f1":0.0203861697350696,"test_loss":2.2999035656219475,"_step":9,"test_recall":0.1,"val_recall":0.1,"val_loss":2.300284872726832,"_timestamp":1.7728795727980008e+09,"train_precision":0.011237037037037037,"train_f1":0.020203769061730038,"_runtime":10,"_wandb":{"runtime":10},"val_accuracy":0.11233333333333333}