{"layer_1_activation_mean":0.45633779095790744,"layer_1_activation_std":0.8330306588692119,"_timestamp":1.7731373549416826e+09,"test_accuracy":0.9783,"val_accuracy":0.9778333333333333,"layer_2_activation_mean":0.5645565167705816,"test_loss":0.12195452948799461,"test_precision":0.97804547643976,"layer_2_activation_std":0.9850589795547954,"val_loss":0.11945589122775446,"_runtime":102,"test_recall":0.9782531678173896,"val_recall":0.9778230475236059,"neuron_3_grad":0.00018981993330767011,"layer_3_activation_std":1.8006091866664362,"neuron_2_grad":-0.00019049870391687522,"train_accuracy":0.9962592592592593,"train_f1":0.9962377097998131,"train_loss":0.0110538448592508,"_step":67529,"train_precision":0.9962358921161542,"layer_3_zero_fraction":0.4794921875,"test_f1":0.9781246690778896,"batch_loss_mean":0.022569715108216277,"layer_1_zero_fraction":0.6090494791666666,"train_recall":0.9962438378154179,"_wandb":{"runtime":102},"neuron_4_grad":3.4488059760823763e-07,"layer_3_activation_mean":1.2092342553570106,"neuron_1_grad":-3.436454346570446e-07,"layer_2_zero_fraction":0.57275390625,"val_precision":0.9775479993015823,"neuron_5_grad":0.0008873686349375233,"epoch":10,"val_f1":0.9776616000229927}