{"val_accuracy":0.11233333333333333,"train_accuracy":0.11237037037037037,"_timestamp":1.7728804139764369e+09,"test_precision":0.01135,"val_f1":0.02019778243931675,"_runtime":23,"train_loss":2.301145073119757,"_wandb":{"runtime":23},"epoch":10,"val_recall":0.1,"test_loss":2.301107389218407,"_step":9,"train_f1":0.020203769061730038,"val_precision":0.011233333333333333,"test_accuracy":0.1135,"test_recall":0.1,"train_precision":0.011237037037037037,"test_f1":0.0203861697350696,"batch_loss_mean":2.301487653972834,"train_recall":0.1,"val_loss":2.3015072543196995}