{"test_accuracy":0.776,"train_loss":1.0486907132605239,"test_recall":0.7697708972619756,"_wandb":{"runtime":4},"train_recall":0.7633811605009057,"_timestamp":1.7728788660791142e+09,"train_precision":0.7734690451320085,"test_precision":0.7805776101958172,"val_accuracy":0.7681666666666667,"epoch":5,"_runtime":4,"train_f1":0.7587226723527714,"_step":4,"test_loss":1.0277358507002718,"val_f1":0.7577425981386644,"batch_loss_mean":1.1036321667491782,"val_precision":0.7717204678083085,"test_f1":0.7649159255226126,"train_accuracy":0.7699444444444444,"val_recall":0.7624383587877672,"val_loss":1.0442526257020392}