{"train_loss":2.302601210240675,"train_accuracy":0.09034889133378471,"_wandb":{"runtime":26},"_step":5,"_timestamp":1.7727424189251094e+09,"epoch":5,"val_loss":2.302603817330885,"val_accuracy":0.09033333333333333,"test_accuracy":0.0892,"_runtime":26}