{"train_f1":0.7509113380497258,"val_loss":0.9777424924160382,"val_recall":0.7624325231841331,"_runtime":5,"_timestamp":1.7728792309242015e+09,"test_recall":0.7694662207607987,"train_precision":0.7809175506744914,"val_precision":0.786905052242196,"test_precision":0.7883287015192304,"epoch":5,"test_f1":0.760063031364888,"test_accuracy":0.7765,"train_accuracy":0.7680185185185185,"train_recall":0.7604209011225643,"batch_loss_mean":1.0976029619043215,"_step":4,"train_loss":0.9806334089979118,"val_accuracy":0.77,"_wandb":{"runtime":5},"val_f1":0.7516693680015044,"test_loss":0.9647284583578539}