{"test_accuracy":0.0892,"_runtime":14,"train_accuracy":0.09032508886255924,"_timestamp":1.7727455653336074e+09,"_step":5,"_wandb":{"runtime":14},"val_accuracy":0.09033333333333333,"epoch":5,"train_loss":2.303837660850456,"val_loss":2.303965847563506}