{"test_accuracy":0.7449,"val_loss":0.8543275305398214,"test_f1":0.7296784199327528,"val_accuracy":0.7425,"batch_loss_mean":0.9281872969427176,"_step":9,"train_loss":0.860695467468432,"_wandb":{"runtime":101},"test_precision":0.7294055954981622,"test_recall":0.7376489325069414,"_timestamp":1.7728809114622126e+09,"train_recall":0.7316374196890579,"train_f1":0.7245996170002764,"_runtime":101,"val_f1":0.7300230357418928,"val_precision":0.7296832939625997,"train_accuracy":0.7387962962962963,"train_precision":0.7248154724161583,"test_loss":0.8475111890286122,"epoch":10,"val_recall":0.7371808631704722}