{"test_loss":2.301107389218407,"batch_loss_mean":2.301487653972834,"_runtime":22,"test_f1":0.0203861697350696,"epoch":10,"test_recall":0.1,"train_recall":0.1,"train_f1":0.020203769061730038,"test_accuracy":0.1135,"val_loss":2.3015072543196995,"val_accuracy":0.11233333333333333,"train_accuracy":0.11237037037037037,"train_precision":0.011237037037037037,"_step":9,"_wandb":{"runtime":22},"val_f1":0.02019778243931675,"test_precision":0.01135,"val_precision":0.011233333333333333,"_timestamp":1.7728799391882432e+09,"train_loss":2.301145073119757,"val_recall":0.1}