{"train_recall":0.5237200485145687,"epoch":5,"_timestamp":1.7728798185249035e+09,"test_precision":0.6200110948294426,"val_precision":0.6183086176352678,"train_f1":0.4911992946611593,"test_f1":0.497142387147147,"_step":4,"val_accuracy":0.539,"val_recall":0.5287202870245942,"val_f1":0.4924309410045322,"test_recall":0.5291704599559374,"train_loss":2.25427438774962,"val_loss":2.2544152757769247,"test_accuracy":0.5416,"train_accuracy":0.5361296296296296,"_runtime":4,"_wandb":{"runtime":4},"test_loss":2.2534642262618827,"train_precision":0.6125273625079852,"batch_loss_mean":2.262272809027496}