{"val_accuracy":0.09866666666666667,"train_loss":NaN,"_wandb":{"runtime":21},"_step":5,"epoch":5,"train_accuracy":0.09876703199052132,"val_loss":NaN,"_runtime":21,"_timestamp":1.7727433301037123e+09,"test_accuracy":0.098}