{"train_precision":0.011237037037037037,"val_accuracy":0.11233333333333333,"_runtime":16,"train_f1":0.020203769061730038,"val_precision":0.011233333333333333,"test_precision":0.01135,"test_accuracy":0.1135,"test_loss":2.3020401945424958,"epoch":5,"train_accuracy":0.11237037037037037,"test_recall":0.1,"train_recall":0.1,"val_f1":0.02019778243931675,"val_loss":2.3021166032567404,"_timestamp":1.7728778818643277e+09,"_wandb":{"runtime":16},"train_loss":2.3020615136823763,"_step":4,"val_recall":0.1,"test_f1":0.0203861697350696,"batch_loss_mean":2.302107742529107}