{"_step":5,"train_accuracy":0.11236088777928234,"train_loss":2.51113196531184,"val_loss":2.5259809597957785,"test_accuracy":0.1135,"_timestamp":1.7727435208819625e+09,"_wandb":{"runtime":6},"epoch":5,"val_accuracy":0.11233333333333333,"_runtime":6}