{"train_loss":0.017241373247793446,"layer_1_activation_mean":0.5486809600676388,"train_precision":0.9952926881502924,"neuron_5_grad":-8.90031603595008e-09,"train_recall":0.9951991619458183,"train_f1":0.9952186207219877,"_timestamp":1.7731353805817802e+09,"batch_loss_mean":0.016438503669976828,"val_accuracy":0.973,"layer_3_zero_fraction":0.45751953125,"layer_2_zero_fraction":0.5773111979166666,"epoch":15,"neuron_4_grad":3.6585606725391215e-07,"val_precision":0.9728981972303062,"layer_2_activation_mean":0.672260454419534,"layer_1_activation_std":0.9986931648726881,"val_recall":0.9726652664481088,"layer_3_activation_std":2.316777562497311,"layer_3_activation_mean":1.5603954647044322,"test_loss":0.1727153509273153,"neuron_1_grad":4.607287294827422e-12,"test_f1":0.9760146538066197,"_runtime":175,"train_accuracy":0.9952592592592593,"val_f1":0.9726334268222756,"test_accuracy":0.9762,"layer_2_activation_std":1.2069973315363627,"layer_1_zero_fraction":0.591796875,"test_recall":0.9759900764273745,"val_loss":0.1805072075385267,"neuron_3_grad":-7.1326869164234825e-06,"neuron_2_grad":0.0021702533541442383,"_step":101294,"test_precision":0.9762496908545035,"_wandb":{"runtime":175}}