{"_wandb":{"runtime":10},"test_f1":0.9707407677695136,"train_accuracy":0.9815185185185186,"epoch":10,"test_accuracy":0.971,"val_recall":0.9687175045005875,"val_precision":0.968663906791362,"val_f1":0.9686595866275651,"val_loss":0.10394467321434574,"train_precision":0.9813872909879542,"train_recall":0.9814050501844218,"batch_loss_mean":0.07524076605859635,"val_accuracy":0.969,"test_recall":0.9707963735902405,"_runtime":10,"_step":9,"train_f1":0.9813845895069282,"test_loss":0.10108590407465519,"test_precision":0.9707398012026847,"train_loss":0.0651000458791477,"_timestamp":1.7728806456358054e+09}