{"val_recall":0.9742103549986532,"train_recall":0.9892687303449742,"_step":9,"epoch":10,"_timestamp":1.7728798786642058e+09,"val_accuracy":0.9745,"batch_loss_mean":0.04976504753804451,"train_f1":0.9893651819980104,"val_precision":0.9743232500136585,"val_loss":0.08113608471963159,"_wandb":{"runtime":26},"test_recall":0.9734983136152208,"train_loss":0.04074935840891546,"test_loss":0.08290753100046522,"train_precision":0.9894924734276451,"test_precision":0.9740501483454771,"val_f1":0.9742407961113255,"test_f1":0.9736724601554407,"_runtime":26,"test_accuracy":0.9739,"train_accuracy":0.9894074074074074}