{"train_loss":14.471269743148536,"val_loss":14.549267683998377,"val_accuracy":0.09733333333333333,"test_accuracy":0.0982,"_runtime":11,"epoch":5,"_wandb":{"runtime":11},"train_accuracy":0.09737855450236967,"_step":5,"_timestamp":1.7727455923175406e+09}