{"test_recall":0.1,"val_f1":0.02019778243931675,"val_loss":2.301168055076567,"test_f1":0.0203861697350696,"epoch":5,"val_precision":0.011233333333333333,"_wandb":{"runtime":27},"_runtime":27,"_timestamp":1.772879529381228e+09,"train_precision":0.011237037037037037,"train_accuracy":0.11237037037037037,"test_accuracy":0.1135,"batch_loss_mean":2.301087903456834,"val_accuracy":0.11233333333333333,"train_loss":2.3009461707329657,"train_f1":0.020203769061730038,"_step":4,"test_loss":2.3008603037615685,"train_recall":0.1,"val_recall":0.1,"test_precision":0.01135}