{"train_loss":2.302847252410685,"_wandb":{"runtime":10},"test_accuracy":0.0892,"_step":5,"val_loss":2.302850928091807,"val_accuracy":0.09033333333333333,"_timestamp":1.772742630380092e+09,"epoch":5,"_runtime":10,"train_accuracy":0.09005973538704581}