{"epoch_summary":5,"_wandb":{"runtime":37},"train_accuracy":0.9740740740740741,"val_loss":0.11959219380306332,"epoch":5,"_runtime":37,"_step":8444,"epoch_loss_mean":0.09852153272227039,"first_layer_grad_norm":0.018540356753886066,"_timestamp":1.772893203425778e+09,"train_loss":0.08481200876974879,"val_accuracy":0.9635,"batch_loss":0.002779971168534512}