{"val_recall":0.9274719697492086,"test_f1":0.9272548359090406,"train_accuracy":0.9274444444444444,"val_accuracy":0.9285,"test_recall":0.9274401432261111,"batch_loss_mean":0.27184691753979917,"_wandb":{"runtime":6},"train_f1":0.9266116192639288,"val_precision":0.9282743251965868,"test_loss":0.2549037716697315,"val_f1":0.9275974442595463,"test_precision":0.9272805279780044,"train_loss":0.25994088774593116,"epoch":5,"_timestamp":1.772880446327286e+09,"test_accuracy":0.9282,"_step":4,"val_loss":0.25190487774771,"train_recall":0.9267129136484243,"train_precision":0.9267092680761484,"_runtime":6}