{"test_precision":0.7464682972301939,"epoch":10,"test_loss":1.1795516962064976,"_runtime":29,"_wandb":{"runtime":29},"_timestamp":1.772880088778249e+09,"train_accuracy":0.7094444444444444,"val_accuracy":0.7065,"test_accuracy":0.719,"_step":9,"val_f1":0.6656359722167842,"test_recall":0.7094661999184286,"train_loss":1.1965698287400612,"batch_loss_mean":1.2659841517105723,"train_precision":0.7359252724794341,"train_recall":0.6992465467152414,"val_loss":1.1944973295268313,"test_f1":0.6817798200096223,"val_recall":0.6961295214031754,"train_f1":0.6710572595771287,"val_precision":0.7265368441866638}