{"train_accuracy":0.09034977290679304,"test_accuracy":0.0892,"_wandb":{"runtime":19},"_timestamp":1.772745087855644e+09,"_runtime":19,"train_loss":2.3028469452233837,"_step":5,"epoch":5,"val_loss":2.302875024699197,"val_accuracy":0.09033333333333333}