{"val_loss":2.3026290813944192,"_timestamp":1.7727445071072097e+09,"_step":5,"val_accuracy":0.09033333333333333,"_runtime":14,"train_loss":2.3026236169091625,"test_accuracy":0.0892,"_wandb":{"runtime":14},"train_accuracy":0.0903541807718348,"epoch":5}