{"test_f1":0.0203861697350696,"val_accuracy":0.11233333333333333,"test_precision":0.01135,"_runtime":12,"test_accuracy":0.1135,"train_precision":0.011237037037037037,"_timestamp":1.7728796013738286e+09,"train_recall":0.1,"_step":4,"val_precision":0.011233333333333333,"epoch":5,"batch_loss_mean":2.302101295903969,"_wandb":{"runtime":12},"val_recall":0.1,"test_loss":2.3020345123765193,"train_f1":0.020203769061730038,"val_loss":2.302111313934438,"test_recall":0.1,"train_loss":2.3020548246964943,"train_accuracy":0.11237037037037037,"val_f1":0.02019778243931675}