{"val_loss":14.527776889930433,"_timestamp":1.7727421830504324e+09,"_step":5,"epoch":5,"train_accuracy":0.09863215132024374,"_runtime":17,"val_accuracy":0.09866666666666667,"test_accuracy":0.0958,"_wandb":{"runtime":17},"train_loss":14.52833321158202}