{"batch_loss_mean":0.2112436004688947,"_runtime":11,"_timestamp":1.7728783216722355e+09,"val_accuracy":0.941,"test_precision":0.9413436477630981,"val_recall":0.9399879634223776,"_step":9,"epoch":10,"_wandb":{"runtime":11},"test_f1":0.9407761830030449,"val_precision":0.9406659263867377,"test_accuracy":0.9416,"val_loss":0.2071922361151746,"val_f1":0.9402299290596614,"test_recall":0.9405776019640408,"train_loss":0.20376379413953197,"test_loss":0.20517461914207102,"train_precision":0.9413586022174789,"train_accuracy":0.9417037037037037,"train_f1":0.9410640168742901,"train_recall":0.9408734442031974}