{"train_recall":0.9753143032071041,"val_accuracy":0.9638333333333333,"val_precision":0.9638818129579578,"test_f1":0.9662152623625587,"test_accuracy":0.9665,"test_loss":0.10956737177913017,"_runtime":70,"val_loss":0.11589016402716107,"train_f1":0.9753333422166259,"val_recall":0.9634335299875308,"test_recall":0.9660285632432866,"train_accuracy":0.9754814814814815,"epoch":10,"val_f1":0.9635469745836331,"batch_loss_mean":0.09672756159243617,"_timestamp":1.7728887091234505e+09,"train_precision":0.9754609840240634,"train_loss":0.08714433636242358,"_wandb":{"runtime":70},"_step":9,"test_precision":0.9665862970103174}