{"train_accuracy":0.09034624661475964,"_step":5,"_wandb":{"runtime":11},"val_accuracy":0.09033333333333333,"train_loss":2.303160885370481,"_timestamp":1.7727425647677958e+09,"val_loss":2.303255550882067,"test_accuracy":0.0892,"epoch":5,"_runtime":11}