{"_timestamp":1.7728803611236982e+09,"val_f1":0.9650095136316367,"val_loss":0.11439902453370152,"batch_loss_mean":0.07322677841121991,"test_f1":0.9657843423794553,"train_precision":0.9810181820887486,"test_recall":0.9659926369383405,"epoch":10,"val_precision":0.9652891297304145,"train_accuracy":0.9810740740740741,"train_loss":0.06367141307858762,"test_loss":0.11173074360301526,"train_f1":0.9810179025842217,"val_recall":0.9650501855353546,"test_accuracy":0.966,"test_precision":0.9658890576610212,"_runtime":36,"val_accuracy":0.9653333333333334,"_wandb":{"runtime":36},"train_recall":0.9812164778102686,"_step":9}