{"batch_loss_mean":2.301241229556598,"train_recall":0.1,"test_precision":0.01135,"train_accuracy":0.11237037037037037,"train_f1":0.020203769061730038,"val_recall":0.1,"test_f1":0.0203861697350696,"test_accuracy":0.1135,"_step":4,"test_recall":0.1,"val_f1":0.02019778243931675,"val_precision":0.011233333333333333,"val_accuracy":0.11233333333333333,"train_precision":0.011237037037037037,"_runtime":16,"test_loss":2.3010521218907773,"train_loss":2.3011437416817566,"_wandb":{"runtime":16},"_timestamp":1.7728779736697516e+09,"val_loss":2.3013772098635803,"epoch":5}