{"train_precision":0.863350783650886,"test_precision":0.8661643860997781,"test_recall":0.8662539621498423,"val_precision":0.8640219928274778,"val_recall":0.8633755112485503,"train_f1":0.8632071713857223,"_runtime":26,"_wandb":{"runtime":26},"val_loss":0.49635096350868835,"val_accuracy":0.8661666666666666,"_step":9,"train_recall":0.8633040455454308,"test_f1":0.8659976124523583,"_timestamp":1.7728790948655875e+09,"test_accuracy":0.8688,"test_loss":0.49440917709758286,"val_f1":0.8633875873892668,"batch_loss_mean":0.5302865513423272,"epoch":10,"train_accuracy":0.8656111111111111,"train_loss":0.5026180035372684}