{"train_recall":0.1,"test_f1":0.0203861697350696,"val_precision":0.011233333333333333,"val_recall":0.1,"_timestamp":1.7728794947340858e+09,"val_loss":2.284933312658766,"test_precision":0.01135,"_wandb":{"runtime":30},"train_loss":2.285626910038987,"epoch":5,"batch_loss_mean":2.297329699669282,"test_accuracy":0.1135,"val_f1":0.02019778243931675,"test_loss":2.2851288981777236,"train_accuracy":0.11237037037037037,"test_recall":0.1,"train_precision":0.011237037037037037,"_step":4,"val_accuracy":0.11233333333333333,"_runtime":30,"train_f1":0.020203769061730038}