{"val_accuracy":0.11233333333333333,"train_precision":0.011237037037037037,"_wandb":{"runtime":28},"_runtime":28,"_step":9,"val_loss":2.300813744912173,"epoch":10,"test_loss":2.3006407207084774,"train_loss":2.300666462301022,"train_f1":0.020203769061730038,"val_precision":0.011233333333333333,"test_recall":0.1,"train_recall":0.1,"test_accuracy":0.1135,"test_precision":0.01135,"train_accuracy":0.11237037037037037,"val_f1":0.02019778243931675,"test_f1":0.0203861697350696,"val_recall":0.1,"batch_loss_mean":2.300899904322405,"_timestamp":1.7728789708113227e+09}