{"val_accuracy":0.09933333333333333,"train_loss":2.3035004626749753,"train_accuracy":0.09931977826675695,"_wandb":{"runtime":5},"_timestamp":1.7727435835555925e+09,"epoch":5,"val_loss":2.30350202307751,"test_accuracy":0.1032,"_step":5,"_runtime":5}