{"_step":9,"train_precision":0.9652148129628705,"_runtime":9,"test_recall":0.9624953259054532,"val_accuracy":0.9606666666666667,"epoch":10,"train_recall":0.9652095825111425,"test_precision":0.9626247791185337,"val_f1":0.9602986057888648,"train_accuracy":0.965462962962963,"test_f1":0.9625155990241874,"batch_loss_mean":0.13329252415337003,"test_loss":0.1334978931875206,"val_precision":0.9605609048961539,"train_loss":0.12592664921586458,"_timestamp":1.7728787707002451e+09,"_wandb":{"runtime":9},"train_f1":0.9652022177652249,"val_recall":0.9602118737995757,"val_loss":0.13715056489351105,"test_accuracy":0.9628}