{"val_recall":0.1,"test_recall":0.1,"train_recall":0.1,"val_accuracy":0.09733333333333333,"_step":9,"val_precision":0.009733333333333333,"test_precision":0.009819999999999999,"val_f1":0.017739975698663427,"train_loss":2.30803983087754,"test_accuracy":0.0982,"train_precision":0.009737037037037037,"_runtime":145,"epoch":10,"test_loss":2.308616354991108,"val_loss":2.3078643718411858,"_timestamp":1.7728946675090034e+09,"_wandb":{"runtime":145},"batch_loss_mean":2.3150734973757623,"train_accuracy":0.09737037037037037,"test_f1":0.017883809870697504,"train_f1":0.017746127105200987}