{"test_accuracy":0.0892,"val_loss":2.3066877069186793,"val_accuracy":0.09033333333333333,"train_accuracy":0.09033743088467615,"_step":5,"epoch":5,"train_loss":2.3060015921644794,"_timestamp":1.772744767119129e+09,"_wandb":{"runtime":9},"_runtime":9}