{"_step":4,"epoch":5,"batch_loss_mean":0.48148066455369976,"_wandb":{"runtime":15},"val_loss":0.4523956430896401,"val_precision":0.8800223740568403,"test_accuracy":0.8888,"train_precision":0.8787198003521779,"train_f1":0.8779750332475013,"train_recall":0.8780489214698262,"val_accuracy":0.881,"val_recall":0.8789169821595471,"_runtime":15,"train_loss":0.460031534801315,"test_f1":0.8867963414414375,"val_f1":0.8789769839404766,"train_accuracy":0.88,"_timestamp":1.7728802373266542e+09,"test_precision":0.8876573223280353,"test_recall":0.8869921891505843,"test_loss":0.43918136355388676}