{"train_loss":10.294316542374565,"test_precision":0.00892,"test_recall":0.1,"layer_3_activation_mean":0.07812500000004403,"layer_1_activation_mean":0.04523649924008743,"layer_1_zero_fraction":0,"layer_2_activation_mean":-0.0624999993362969,"train_recall":0.1,"_timestamp":1.7728974051557205e+09,"layer_2_activation_std":0.9980449626481808,"val_loss":10.367790796092384,"val_recall":0.1,"val_precision":0.008833333333333334,"test_accuracy":0.0892,"val_accuracy":0.08833333333333333,"_runtime":121,"val_f1":0.016232771822358348,"batch_loss_mean":15.148604332813296,"layer_3_activation_std":0.9969435713092797,"layer_2_zero_fraction":0,"layer_1_activation_std":0.996334926738374,"epoch":10,"test_f1":0.01637899375688579,"test_loss":10.340321049939169,"layer_3_zero_fraction":0,"train_accuracy":0.09057407407407407,"train_precision":0.009057407407407406,"_step":50649,"train_f1":0.016610347930923232,"_wandb":{"runtime":121}}