{"train_loss":2.7017325971600106,"val_accuracy":0.09033333333333333,"test_accuracy":0.0892,"epoch":5,"train_accuracy":0.09036211492890996,"_timestamp":1.7727434320300944e+09,"val_loss":3.1452388424231352,"_runtime":5,"_wandb":{"runtime":5},"_step":5}