{"val_accuracy":0.09933333333333333,"_wandb":{"runtime":21},"_runtime":21,"train_accuracy":0.09926688388625593,"test_accuracy":0.1032,"epoch":5,"val_loss":14.517031492896463,"_timestamp":1.7727432923811011e+09,"_step":5,"train_loss":14.518102531433906}