{"val_f1":0.9121751445892945,"test_accuracy":0.9157,"epoch":10,"train_f1":0.9102626736859877,"train_recall":0.910298011727918,"train_precision":0.9105387806855532,"train_loss":0.30973633598327155,"_runtime":49,"test_f1":0.9145379808513356,"batch_loss_mean":0.3160143028670781,"test_loss":0.2947030334695154,"val_precision":0.9131409504137377,"_step":9,"_wandb":{"runtime":49},"val_accuracy":0.9135,"val_loss":0.3037836480551163,"train_accuracy":0.9113888888888889,"test_precision":0.9149314571113367,"val_recall":0.911849043890823,"_timestamp":1.772888342350229e+09,"test_recall":0.9146565091078236}