{"_timestamp":1.7727442982639704e+09,"epoch":5,"test_accuracy":0.0982,"val_accuracy":0.09733333333333333,"_step":5,"_wandb":{"runtime":20},"train_loss":14.548638269820868,"_runtime":20,"train_accuracy":0.09737238349131122,"val_loss":14.549267683998377}