{"test_f1":0.5519483531073447,"train_f1":0.541652929613388,"test_precision":0.5677849305631167,"_wandb":{"runtime":22},"epoch":10,"val_recall":0.5755633104908796,"val_loss":1.7678184615989687,"_timestamp":1.7728807009708452e+09,"test_loss":1.7694568436522757,"test_recall":0.5758499320606725,"train_accuracy":0.5735555555555556,"val_precision":0.568206599648317,"train_recall":0.5647841149059832,"train_precision":0.558417702030292,"test_accuracy":0.5841,"train_loss":1.7743986020080729,"_runtime":22,"val_accuracy":0.5865,"_step":9,"batch_loss_mean":1.798019596963433,"val_f1":0.5518973203110311}