{"val_precision":0.9784302393561738,"train_accuracy":0.9957407407407407,"val_f1":0.978346854162184,"_wandb":{"runtime":49},"val_accuracy":0.9786666666666667,"test_loss":0.09336759445907666,"train_recall":0.9957091065698217,"train_precision":0.9957807989921624,"test_recall":0.9759634563212103,"train_loss":0.014380699615639118,"_step":9,"batch_loss_mean":0.02392530673421361,"test_precision":0.976287910174775,"train_f1":0.9957428978179262,"test_accuracy":0.9763,"val_recall":0.978307287279234,"epoch":10,"_timestamp":1.77288050586598e+09,"_runtime":49,"val_loss":0.08718528315650917,"test_f1":0.9760857511529268}