{"batch_loss_mean":0.30152501486757366,"train_f1":0.9159778532741978,"test_f1":0.9186037598664756,"val_precision":0.9188980951955692,"_wandb":{"runtime":13},"_step":4,"train_loss":0.28742959320840467,"test_precision":0.9190983161405797,"epoch":5,"val_loss":0.28337451106139055,"train_recall":0.9157184756787526,"train_precision":0.916568472681073,"val_recall":0.9177595807406161,"val_accuracy":0.9191666666666667,"_runtime":13,"_timestamp":1.7728807634641623e+09,"val_f1":0.918090120943386,"test_recall":0.9185779243648774,"test_loss":0.2747848384535708,"test_accuracy":0.9198,"train_accuracy":0.917037037037037}