{"val_recall":0.5028230194857846,"val_precision":0.4687069160569523,"test_accuracy":0.5219,"_timestamp":1.7728783018617141e+09,"train_accuracy":0.5166296296296297,"val_loss":2.079591938875088,"test_recall":0.5098386523100645,"_runtime":8,"batch_loss_mean":2.0898279116354312,"train_precision":0.48131703477862864,"train_f1":0.4470407893411089,"train_recall":0.5025602833265496,"val_f1":0.44437140344840753,"test_f1":0.4511839289486777,"test_loss":2.074024777999592,"epoch":10,"train_loss":2.0789185165033217,"val_accuracy":0.5133333333333333,"_step":9,"_wandb":{"runtime":8},"test_precision":0.48665657043466803}