{"val_accuracy":0.2315,"_timestamp":1.7728753530743413e+09,"train_recall":0.2359531508959193,"test_f1":0.19251956452716587,"val_precision":0.2946232586727062,"val_loss":0.08997279752170963,"_runtime":11,"test_loss":0.08997237534952685,"train_f1":0.193122795382917,"test_accuracy":0.2365,"_wandb":{"runtime":11},"train_precision":0.29797914428681715,"train_accuracy":0.2361111111111111,"test_recall":0.23650000000000002,"_step":1,"test_precision":0.2923111749863993,"val_recall":0.23298368339097086,"train_loss":0.08997215537811534,"val_f1":0.19074916099716308,"epoch":2,"batch_loss_mean":0.08997969831780524}