{"val_loss":0.30185693635341293,"train_accuracy":0.9121481481481482,"batch_loss_mean":0.31416338598403093,"val_accuracy":0.9155,"train_recall":0.9108947362642292,"test_loss":0.2968212466193468,"test_f1":0.914773815670815,"epoch":10,"val_f1":0.9142082859050227,"_wandb":{"runtime":25},"_timestamp":1.7728791647990386e+09,"val_recall":0.9140560063906754,"train_f1":0.9108581921648918,"train_loss":0.3085957944629908,"_runtime":25,"_step":9,"test_recall":0.9149377898456731,"val_precision":0.9147668559742546,"test_precision":0.9150041997117165,"train_precision":0.9110512720105504,"test_accuracy":0.9161}