{"train_accuracy":0.33301244075829384,"val_loss":2.155827212108336,"_runtime":20,"train_loss":2.171211978559897,"test_accuracy":0.3727,"_timestamp":1.772809019660084e+09,"epoch":5,"_wandb":{"runtime":20},"val_accuracy":0.36683333333333334,"_step":5}