{"epoch":20,"val_loss":0.28143476443971494,"train_accuracy":0.9231400572669827,"layer_2_mean":0.9400711561509695,"layer_1_mean":0.8513318704065908,"layer_0_std":0.6806194197678996,"test_accuracy":0.9269,"layer_0_mean":0.5741870990839655,"layer_2_std":1.1740941824066693,"_wandb":{"runtime":62},"layer_0_dead_neurons":0.3791469194312796,"_runtime":62,"val_accuracy":0.9198333333333333,"_timestamp":1.7728103192543488e+09,"layer_1_std":0.9667948493511466,"layer_1_dead_neurons":14.755924170616113,"_step":20,"train_loss":0.2648290510636882,"first_layer_grad_norm":NaN,"layer_2_dead_neurons":24.526066350710902}