{"val_loss":2.301193911304135,"test_accuracy":0.1135,"train_accuracy":0.11237037037037037,"train_f1":0.020203769061730038,"_runtime":14,"test_f1":0.0203861697350696,"epoch":5,"train_recall":0.1,"val_precision":0.011233333333333333,"train_precision":0.011237037037037037,"val_f1":0.02019778243931675,"train_loss":2.300949676648617,"_wandb":{"runtime":14},"_timestamp":1.772877859233647e+09,"batch_loss_mean":2.301018354723052,"_step":4,"val_accuracy":0.11233333333333333,"test_precision":0.01135,"test_loss":2.300851533907409,"val_recall":0.1,"test_recall":0.1}