{"_wandb":{"runtime":33},"_step":8444,"_timestamp":1.7728916667635136e+09,"train_loss":0.07454357036544672,"first_layer_grad_norm":0.4236326103075475,"epoch":5,"batch_loss":0.09799133842880675,"step":8439,"val_accuracy":0.9676666666666667,"train_accuracy":0.9777037037037037,"_runtime":33,"val_loss":0.10529705958731146,"epoch_loss_mean":0.09139761116981837}