{"epoch":5,"val_accuracy":0.8216666666666667,"test_accuracy":0.8276,"test_loss":0.8129725269676118,"batch_loss_mean":0.8882647405383138,"test_recall":0.8240062682419074,"val_precision":0.8225734463676913,"val_recall":0.8175778631573772,"val_loss":0.8233943723664611,"train_accuracy":0.8177037037037037,"_wandb":{"runtime":15},"train_recall":0.8139145206436105,"_runtime":15,"val_f1":0.8165405370647196,"test_f1":0.8227008379560287,"test_precision":0.8292387548617566,"train_f1":0.813093778691947,"_timestamp":1.772879718916782e+09,"train_precision":0.8190191136756202,"_step":4,"train_loss":0.8313457796780832}