{"val_recall":0.9757462811989587,"layer_1_activation_mean":0.4633408620444804,"train_accuracy":0.9905925925925926,"_timestamp":1.7728989859227362e+09,"val_f1":0.9759976302432622,"layer_3_activation_mean":1.2487755912308858,"train_recall":0.9905128012836718,"layer_1_activation_std":0.9190058413284339,"batch_loss_mean":0.002166205536282009,"train_loss":0.0016029867012635139,"epoch":10,"test_f1":0.9771271371382092,"val_loss":0.004171376181027144,"test_loss":0.004020769726505549,"train_f1":0.9905230504941931,"_step":50649,"val_precision":0.9764768893331823,"val_accuracy":0.976,"layer_2_activation_mean":0.5872337818143075,"layer_1_zero_fraction":0.6474609375,"layer_3_activation_std":2.026231022028227,"test_accuracy":0.9772,"_runtime":140,"test_precision":0.9772691984170152,"layer_2_activation_std":1.1176310850315243,"test_recall":0.9770913153926444,"_wandb":{"runtime":140},"layer_2_zero_fraction":0.6201171875,"train_precision":0.9905818213659365,"layer_3_zero_fraction":0.5361328125}