{"val_accuracy":0.09033333333333333,"epoch":5,"train_accuracy":0.0903436018957346,"_step":5,"_runtime":23,"val_loss":2.302787184949043,"_wandb":{"runtime":23},"train_loss":2.3027628288340196,"_timestamp":1.7727416414960911e+09,"test_accuracy":0.0892}