{"train_recall":0.1,"test_f1":0.0203861697350696,"val_loss":2.3011585518619135,"_step":4,"_timestamp":1.7728786864239051e+09,"_runtime":15,"train_accuracy":0.11237037037037037,"test_accuracy":0.1135,"epoch":5,"val_f1":0.02019778243931675,"train_f1":0.020203769061730038,"val_precision":0.011233333333333333,"_wandb":{"runtime":15},"train_precision":0.011237037037037037,"batch_loss_mean":2.3010931045487806,"val_accuracy":0.11233333333333333,"val_recall":0.1,"test_recall":0.1,"test_precision":0.01135,"train_loss":2.3009421989486993,"test_loss":2.3008539651059268}