{"train_accuracy":0.10440028351387949,"_runtime":19,"epoch":5,"test_accuracy":0.1028,"_timestamp":1.772744477226903e+09,"_step":5,"_wandb":{"runtime":19},"val_loss":14.433754665883175,"val_accuracy":0.1045,"train_loss":14.43536190573443}