{"val_accuracy":0.37333333333333335,"train_accuracy":0.3685555555555556,"train_precision":0.5435449626105845,"train_loss":2.223280017286009,"_runtime":24,"batch_loss_mean":2.232912940165005,"val_recall":0.3623931610857261,"_timestamp":1.7728785694010713e+09,"test_accuracy":0.387,"val_loss":2.2230353778767786,"train_f1":0.3357752954680572,"_wandb":{"runtime":24},"_step":4,"epoch":5,"train_recall":0.3569251324707371,"test_recall":0.3762534640261799,"val_precision":0.5759094066617247,"test_loss":2.22134384148556,"test_precision":0.5549510689282111,"test_f1":0.3545132625345836,"val_f1":0.34657330997970226}