{"_runtime":132,"layer_2_zero_fraction":0.99951171875,"batch_loss_mean":2.3150734973757623,"train_precision":0.009737037037037037,"val_precision":0.009733333333333333,"layer_2_activation_std":0.6845172139800447,"test_loss":2.308616354991108,"_step":50649,"val_recall":0.1,"test_recall":0.1,"_wandb":{"runtime":132},"layer_1_activation_std":1.1072285194811675,"layer_1_activation_mean":0.0374747189199147,"test_f1":0.017883809870697504,"layer_2_activation_mean":0.015129530554182362,"layer_3_activation_std":0,"epoch":10,"train_f1":0.017746127105200987,"test_precision":0.009819999999999999,"val_loss":2.3078643718411858,"layer_3_zero_fraction":1,"layer_1_zero_fraction":0.99853515625,"val_f1":0.017739975698663427,"train_loss":2.30803983087754,"layer_3_activation_mean":0,"_timestamp":1.772897140685981e+09,"train_accuracy":0.09737037037037037,"train_recall":0.1,"val_accuracy":0.09733333333333333,"test_accuracy":0.0982}