{"train_recall":0.9137550926031643,"_timestamp":1.772878382607327e+09,"val_precision":0.9097662774090679,"val_recall":0.9089072463253582,"test_accuracy":0.913,"val_loss":0.312562391036481,"test_f1":0.9117128367863838,"train_f1":0.9137484029003409,"train_precision":0.9141205125906998,"test_recall":0.9117901572135029,"val_accuracy":0.9101666666666667,"_wandb":{"runtime":12},"val_f1":0.9090517566562634,"_step":4,"test_loss":0.31685083975208356,"_runtime":12,"epoch":5,"batch_loss_mean":0.37180215037876135,"test_precision":0.9122809217009002,"train_accuracy":0.9147037037037037,"train_loss":0.30928056394310954}