{"epoch":5,"val_loss":14.527776889930433,"_step":5,"_wandb":{"runtime":13},"test_accuracy":0.098,"val_accuracy":0.09866666666666667,"_timestamp":1.7727434981718662e+09,"train_loss":14.526713353891877,"_runtime":13,"train_accuracy":0.09873265064319567}