{"val_accuracy":0.09033333333333333,"_step":5,"_wandb":{"runtime":7},"_runtime":7,"train_loss":2.306720090847195,"train_accuracy":0.0903436018957346,"_timestamp":1.7727422065505385e+09,"epoch":5,"test_accuracy":0.0892,"val_loss":2.3070488181468347}