{"test_loss":0.09273628645579757,"val_f1":0.9728332626525216,"train_accuracy":0.9854814814814815,"train_loss":0.052709569059067575,"train_precision":0.9854044537628518,"val_loss":0.09334640548169147,"val_recall":0.9728656597829712,"test_recall":0.9721046960610418,"val_accuracy":0.9731666666666666,"_wandb":{"runtime":10},"train_f1":0.9854024472641185,"batch_loss_mean":0.06345696272133501,"test_f1":0.9721485483723903,"epoch":10,"test_accuracy":0.9723,"_timestamp":1.7728798028883002e+09,"_step":9,"train_recall":0.985424873280525,"_runtime":10,"test_precision":0.972236161611025,"val_precision":0.9728891230417712}