{"test_recall":0.19211214149163844,"train_recall":0.19028944182250196,"train_precision":0.3061295891883791,"test_precision":0.2927706595632668,"_wandb":{"runtime":22},"train_loss":2.2664567493898566,"train_f1":0.1405223503180766,"epoch":10,"test_accuracy":0.2047,"val_accuracy":0.20033333333333334,"train_accuracy":0.20287037037037037,"test_loss":2.2656360844769416,"val_f1":0.14101400080280696,"_runtime":22,"_timestamp":1.772878131465933e+09,"_step":9,"test_f1":0.14466253819405983,"val_precision":0.2999107233187016,"batch_loss_mean":2.268535607264188,"val_recall":0.18863267829692132,"val_loss":2.266545019256538}