{"test_recall":0.9403444854696188,"_wandb":{"runtime":9},"val_f1":0.9405699728105714,"test_loss":0.2071604350909788,"val_accuracy":0.9413333333333334,"train_f1":0.9413221330084589,"val_precision":0.9411483684069226,"_timestamp":1.772880606088566e+09,"train_precision":0.9414671486221039,"val_loss":0.20865666382094608,"test_f1":0.9403160093469134,"_step":4,"train_accuracy":0.9419074074074074,"train_loss":0.20588941216447146,"epoch":5,"_runtime":9,"test_precision":0.9406158127619969,"test_accuracy":0.9411,"batch_loss_mean":0.21949320929415328,"val_recall":0.940340969273682,"train_recall":0.9412799969228196}