{"val_loss":2.302803115197312,"_runtime":16,"train_accuracy":0.09035594391785151,"train_loss":2.302779208882918,"_wandb":{"runtime":16},"_timestamp":1.7727436144570014e+09,"_step":5,"epoch":5,"test_accuracy":0.0892,"val_accuracy":0.09033333333333333}