{"val_accuracy":0.09033333333333333,"train_loss":2.3038024308350837,"_wandb":{"runtime":18},"test_accuracy":0.0892,"_timestamp":1.7727425370955374e+09,"_runtime":18,"epoch":5,"train_accuracy":0.09036211492890996,"_step":5,"val_loss":2.303970409342768}