{"test_loss":2.3013042474534275,"train_recall":0.1,"_step":4,"train_loss":2.3013673297864323,"val_recall":0.1,"val_f1":0.02019778243931675,"epoch":5,"test_f1":0.0203861697350696,"batch_loss_mean":2.301433093552667,"test_precision":0.01135,"val_loss":2.3015321513305103,"test_accuracy":0.1135,"train_precision":0.011237037037037037,"val_precision":0.011233333333333333,"val_accuracy":0.11233333333333333,"_timestamp":1.7728779426834853e+09,"test_recall":0.1,"train_f1":0.020203769061730038,"_wandb":{"runtime":45},"_runtime":45,"train_accuracy":0.11237037037037037}