{"_runtime":31,"epoch":5,"val_loss":15.853737801198363,"_step":5,"train_accuracy":0.009460159952606635,"_wandb":{"runtime":31},"val_accuracy":0.01633333333333333,"train_loss":15.96520969854244,"_timestamp":1.7727449807884881e+09,"test_accuracy":0.0161}