{"_timestamp":1.7727429441481142e+09,"train_loss":14.661843587517193,"train_accuracy":0.09034889133378471,"_runtime":18,"val_accuracy":0.09033333333333333,"epoch":5,"test_accuracy":0.0892,"_step":5,"_wandb":{"runtime":18},"val_loss":14.662094352855087}