{"_timestamp":1.7728794340211384e+09,"_wandb":{"runtime":13},"val_accuracy":0.9295,"val_recall":0.9284312352609213,"test_recall":0.9254047831021671,"test_accuracy":0.9262,"train_accuracy":0.9256666666666666,"val_loss":0.2546918557309798,"test_precision":0.9253843239892114,"train_recall":0.9248463376340877,"epoch":5,"_runtime":13,"test_loss":0.2566487887009918,"_step":4,"train_f1":0.9247468717692039,"test_f1":0.9252476747861975,"val_precision":0.9292583101828763,"train_loss":0.2616047626902977,"val_f1":0.9285914091249712,"train_precision":0.924832432303447,"batch_loss_mean":0.27348311694021327}