{"test_recall":0.1,"train_f1":0.020203769061730038,"_timestamp":1.77287817525122e+09,"val_f1":0.02019778243931675,"train_precision":0.011237037037037037,"train_accuracy":0.11237037037037037,"test_precision":0.01135,"train_loss":2.3021603742568035,"_runtime":32,"val_recall":0.1,"val_loss":2.3023994928569422,"batch_loss_mean":2.303009061332223,"_wandb":{"runtime":32},"test_loss":2.3020989985163776,"epoch":10,"val_precision":0.011233333333333333,"test_accuracy":0.1135,"train_recall":0.1,"test_f1":0.0203861697350696,"val_accuracy":0.11233333333333333,"_step":9}