{"epoch":5,"val_f1":0.9641605059961174,"test_precision":0.9655603148311116,"batch_loss_mean":0.11256466661266284,"train_recall":0.9736073576078287,"train_accuracy":0.9738518518518519,"test_recall":0.9655632419136303,"test_accuracy":0.9659,"val_accuracy":0.9645,"train_f1":0.9736053857734019,"val_precision":0.9644477711754025,"_step":4,"_runtime":6,"_timestamp":1.7728799011396255e+09,"_wandb":{"runtime":6},"test_f1":0.9655084735828845,"train_precision":0.9736839141712548,"test_loss":0.11141394299895852,"val_loss":0.11589531938790996,"val_recall":0.9640579926508366,"train_loss":0.09356355062716162}