{"_timestamp":1.7728792803318279e+09,"val_recall":0.1,"train_recall":0.1,"val_precision":0.011233333333333333,"train_accuracy":0.11237037037037037,"val_accuracy":0.11233333333333333,"test_accuracy":0.1135,"val_loss":2.3015322886061114,"_wandb":{"runtime":33},"train_f1":0.020203769061730038,"val_f1":0.02019778243931675,"train_precision":0.011237037037037037,"batch_loss_mean":2.3013992072715994,"test_recall":0.1,"_step":9,"test_loss":2.301303303909765,"_runtime":33,"test_f1":0.0203861697350696,"train_loss":2.3013671977524806,"test_precision":0.01135,"epoch":10}