{"val_accuracy":0.11233333333333333,"train_precision":0.011237037037037037,"batch_loss_mean":2.30116207107751,"val_recall":0.1,"val_precision":0.011233333333333333,"test_accuracy":0.1135,"_wandb":{"runtime":9},"val_loss":2.301359440813284,"epoch":5,"train_loss":2.301114079286484,"test_f1":0.0203861697350696,"train_recall":0.1,"_runtime":9,"train_accuracy":0.11237037037037037,"test_loss":2.3010188927671655,"test_recall":0.1,"val_f1":0.02019778243931675,"train_f1":0.020203769061730038,"_step":4,"_timestamp":1.7728797683979073e+09,"test_precision":0.01135}