{"epoch":5,"_step":5,"test_accuracy":0.0974,"train_loss":2.3045762589213385,"val_accuracy":0.0975,"_timestamp":1.7727438598135881e+09,"val_loss":2.304583298226305,"_wandb":{"runtime":6},"_runtime":6,"train_accuracy":0.09751343517264727}