{"test_f1":0.48609806804234745,"_timestamp":1.7728805727609205e+09,"val_precision":0.4952427467889967,"epoch":10,"_wandb":{"runtime":19},"val_accuracy":0.5121666666666667,"train_loss":1.8487405890256468,"train_precision":0.48438565386863,"batch_loss_mean":1.8721792719821018,"test_precision":0.4956564546664641,"train_recall":0.49563985224620016,"test_accuracy":0.5167,"train_f1":0.47267700436103394,"_step":9,"val_f1":0.4807298787907303,"test_loss":1.8376806999658009,"train_accuracy":0.5037962962962963,"_runtime":19,"val_recall":0.5020622273808998,"val_loss":1.8434349318204544,"test_recall":0.5081898266188272}