{"_wandb":{"runtime":12},"test_recall":0.9709185480354117,"val_f1":0.9689159258305755,"test_f1":0.9712394352247629,"val_accuracy":0.9691666666666666,"train_f1":0.9829826806971702,"val_precision":0.9691411118489922,"train_precision":0.9832868596046911,"val_recall":0.9687935208984397,"train_recall":0.9827798078443507,"epoch":10,"_timestamp":1.772878263416917e+09,"_runtime":12,"test_accuracy":0.9715,"test_precision":0.971897548808791,"train_accuracy":0.9831111111111112,"val_loss":0.09949576384537075,"test_loss":0.093509722400665,"batch_loss_mean":0.06668747222024056,"_step":9,"train_loss":0.060009784071045395}