{"_timestamp":1.7727438869079902e+09,"test_accuracy":0.1032,"_step":5,"_wandb":{"runtime":13},"epoch":5,"val_loss":14.517031492896463,"train_loss":14.51742048609053,"val_accuracy":0.09933333333333333,"_runtime":13,"train_accuracy":0.09930919939065674}