{"val_f1":0.8728067498133294,"neuron_5_grad":0,"neuron_1_grad":-0.0038966253294342146,"layer_1_zero_fraction":0.806640625,"test_loss":0.4017681339734301,"train_f1":0.8938385760084637,"val_recall":0.8705780082814709,"layer_2_zero_fraction":0.7451171875,"train_precision":0.8990224891840576,"neuron_2_grad":0,"val_accuracy":0.8708333333333333,"neuron_3_grad":-0.0004418867173119847,"neuron_4_grad":0,"train_recall":0.8921214149032419,"val_precision":0.8784447532944586,"layer_2_activation_std":0.9235171807584224,"epoch":10,"_timestamp":1.7729070061261086e+09,"test_accuracy":0.8599,"_runtime":188,"_wandb":{"runtime":188},"layer_2_activation_mean":0.352688334084744,"layer_1_activation_mean":0.856856450402862,"train_loss":0.2953436488847912,"train_accuracy":0.8920925925925925,"_step":118169,"test_f1":0.8621756736214762,"layer_1_activation_std":4.727614160710147,"batch_loss_mean":0.30950842213525415,"val_loss":0.36572090393955575,"test_recall":0.8599,"test_precision":0.8686344875162553}