{"val_recall":0.9699440264375749,"test_loss":0.2256535017494242,"_wandb":{"runtime":61},"val_f1":0.969813047693737,"batch_loss_mean":0.08487417909864313,"train_f1":0.9848343413122475,"test_recall":0.9702500041169422,"train_accuracy":0.985,"_timestamp":1.7728794114395742e+09,"test_accuracy":0.9705,"test_f1":0.9701632883472916,"train_recall":0.9849160712798044,"val_loss":0.19636602426936972,"epoch":10,"train_precision":0.9848403698965159,"_step":9,"train_loss":0.071230604520998,"val_accuracy":0.9701666666666666,"val_precision":0.9699457825822874,"test_precision":0.9702576710796628,"_runtime":61}