{"_timestamp":1.772744087430992e+09,"val_accuracy":0.09866666666666667,"val_loss":NaN,"_runtime":22,"_step":5,"epoch":5,"test_accuracy":0.098,"train_loss":NaN,"_wandb":{"runtime":22},"train_accuracy":0.09874851895734597}