{"epoch":5,"train_loss":14.528148490968324,"_timestamp":1.772743959147771e+09,"train_accuracy":0.09864361176935228,"_wandb":{"runtime":13},"val_loss":14.527776889930433,"_runtime":13,"val_accuracy":0.09866666666666667,"_step":5,"test_accuracy":0.0958}