{"test_f1":0.8347056449499277,"_wandb":{"runtime":32},"test_recall":0.8351913018193216,"val_loss":0.5638697871999493,"test_precision":0.8355292521632414,"train_recall":0.8311494890050737,"epoch":10,"train_f1":0.8309868461618256,"val_accuracy":0.8341666666666666,"_step":9,"train_accuracy":0.8339444444444445,"test_accuracy":0.8379,"batch_loss_mean":0.6006697889585968,"train_precision":0.8317527306261356,"_runtime":32,"test_loss":0.5579203054270561,"_timestamp":1.7728800104941912e+09,"val_precision":0.8321359667952353,"train_loss":0.5735157292651846,"val_recall":0.8308959162388346,"val_f1":0.8306503447340153}