{"_runtime":32,"_timestamp":1.7727429923028088e+09,"_step":5,"test_accuracy":0.1009,"epoch":5,"val_loss":14.519717842154954,"_wandb":{"runtime":32},"val_accuracy":0.09916666666666667,"train_accuracy":0.09913729265402843,"train_loss":14.520191295297522}