{"train_recall":0.6898915484617734,"train_f1":0.6611379739278436,"test_accuracy":0.7036,"test_precision":0.7403437304641146,"epoch":5,"test_recall":0.6929404993790037,"_timestamp":1.7728806690878286e+09,"test_f1":0.6633199714976381,"_step":4,"train_accuracy":0.7009444444444445,"batch_loss_mean":1.5567866487732152,"_wandb":{"runtime":7},"train_precision":0.7346393267889849,"val_loss":1.3491783276637246,"val_recall":0.6961428579201727,"test_loss":1.3351361417614451,"_runtime":7,"val_precision":0.7435511590249985,"train_loss":1.3508543116841585,"val_f1":0.6663496488671065,"val_accuracy":0.7068333333333333}