{"_wandb":{"runtime":18},"_timestamp":1.7728791291703362e+09,"val_precision":0.764802834714154,"_runtime":18,"train_recall":0.7631928239187636,"val_loss":0.7150409641032375,"train_loss":0.7221868548878704,"test_loss":0.7028519202989142,"epoch":5,"val_f1":0.7601065939804293,"train_f1":0.7605043490402388,"train_accuracy":0.767962962962963,"test_f1":0.7718138163928153,"test_accuracy":0.779,"test_recall":0.7746004074259865,"val_recall":0.7638276627002726,"val_accuracy":0.7695,"_step":4,"train_precision":0.7629179764914097,"batch_loss_mean":0.915453094346319,"test_precision":0.7743706649022556}