{"train_loss":14.546450041011447,"_timestamp":1.7727436435264478e+09,"test_accuracy":0.0974,"val_accuracy":0.0975,"train_accuracy":0.09750814573459715,"_step":5,"epoch":5,"_wandb":{"runtime":14},"val_loss":14.546581334739885,"_runtime":14}