{"train_f1":0.9565809648024869,"test_recall":0.9500513148495463,"_timestamp":1.7728797478993146e+09,"train_accuracy":0.9571111111111111,"_runtime":21,"train_loss":0.14612094712700593,"val_precision":0.9520013615364219,"_step":9,"val_recall":0.9515356248001249,"test_precision":0.9501888208279876,"val_accuracy":0.9521666666666667,"val_loss":0.17563527310260088,"test_accuracy":0.9504,"train_recall":0.9567073916950987,"epoch":10,"val_f1":0.9514234423576495,"_wandb":{"runtime":21},"test_loss":0.17831104612628726,"test_f1":0.9498126403664298,"batch_loss_mean":0.17396388511439795,"train_precision":0.9567970867896763}