{"test_recall":0.9747072042012459,"epoch":10,"val_recall":0.976455368316605,"_timestamp":1.7728809712104003e+09,"_runtime":48,"val_accuracy":0.9766666666666667,"test_accuracy":0.9749,"batch_loss_mean":0.04819466520919261,"test_precision":0.97485068409673,"val_loss":0.08049829419756609,"test_f1":0.9747388235220363,"val_precision":0.9764332887667649,"train_precision":0.9909767499743805,"_step":9,"train_accuracy":0.9909814814814815,"train_recall":0.9908916300134705,"train_loss":0.03107536323740294,"_wandb":{"runtime":48},"test_loss":0.09205995852215829,"val_f1":0.9764012298991543,"train_f1":0.9909177858651544}