{"_runtime":11,"train_f1":0.846978573352365,"test_recall":0.8517156806046848,"test_loss":0.5756882228866376,"val_loss":0.5858690598679044,"val_recall":0.8523650393101578,"batch_loss_mean":0.6179964149024809,"train_precision":0.8478864187502453,"_timestamp":1.7728796718225381e+09,"_step":9,"val_f1":0.8521576587149386,"val_precision":0.8534023243768232,"epoch":10,"train_loss":0.59198256725052,"test_precision":0.8525459322387567,"test_accuracy":0.8546,"val_accuracy":0.8555,"test_f1":0.8512537378843519,"train_recall":0.8471153031673351,"train_accuracy":0.8498148148148148,"_wandb":{"runtime":11}}