{"val_loss":0.44641011142292786,"_step":4,"epoch":5,"train_precision":0.8766301595346947,"val_accuracy":0.8785,"test_accuracy":0.8876,"train_recall":0.8759741874245884,"val_recall":0.8762360782297745,"train_loss":0.4526594874727005,"train_accuracy":0.8779444444444444,"train_f1":0.875968646598887,"batch_loss_mean":0.4804583413222544,"_runtime":23,"_wandb":{"runtime":23},"test_precision":0.8863422823703923,"val_precision":0.8773989042258229,"test_f1":0.8857138160067898,"test_loss":0.4313017822808141,"test_recall":0.8858455308574076,"val_f1":0.8764331155585052,"_timestamp":1.7728786598031344e+09}