{"train_accuracy":0.09036211492890996,"val_loss":14.662094352855087,"_timestamp":1.7727441995619636e+09,"_runtime":13,"val_accuracy":0.09033333333333333,"epoch":5,"test_accuracy":0.0892,"_wandb":{"runtime":13},"_step":5,"train_loss":9.363288392747405}