{"epoch":5,"train_accuracy":0.09036211492890996,"_wandb":{"runtime":43},"_timestamp":1.7727420169180791e+09,"_step":5,"val_accuracy":0.09033333333333333,"train_loss":2.3036981060894774,"val_loss":2.3038597514108403,"test_accuracy":0.0892,"_runtime":43}