{"batch_loss_mean":2.3014490816822555,"val_f1":0.02019778243931675,"test_precision":0.01135,"train_f1":0.020203769061730038,"_timestamp":1.7728793415185933e+09,"_runtime":51,"test_accuracy":0.1135,"test_recall":0.1,"train_loss":2.3011398368720832,"train_recall":0.1,"val_accuracy":0.11233333333333333,"_step":9,"train_accuracy":0.11237037037037037,"test_f1":0.0203861697350696,"val_precision":0.011233333333333333,"epoch":10,"train_precision":0.011237037037037037,"_wandb":{"runtime":51},"test_loss":2.3010904341177514,"val_loss":2.301479698064321,"val_recall":0.1}