{"_runtime":43,"test_loss":0.18934067024772624,"val_loss":0.19223730271673256,"_step":9,"test_precision":0.9455635379765777,"train_accuracy":0.9482407407407407,"train_recall":0.9477202763739969,"val_recall":0.9447184577590642,"train_f1":0.947692189887667,"test_recall":0.9455732774690002,"val_f1":0.9447356686783953,"val_precision":0.9449375482640667,"test_accuracy":0.9463,"val_accuracy":0.9453333333333334,"train_precision":0.9477425017134451,"test_f1":0.9454891123249943,"batch_loss_mean":0.1991000679060955,"_wandb":{"runtime":43},"train_loss":0.18270707672530265,"_timestamp":1.772879214894655e+09,"epoch":10}