{"train_recall":0.1,"val_precision":0.011233333333333333,"train_f1":0.020203769061730038,"train_accuracy":0.11237037037037037,"_runtime":26,"epoch":5,"batch_loss_mean":2.301133167062728,"test_f1":0.0203861697350696,"_timestamp":1.772878745670661e+09,"train_loss":2.3010637400468594,"_step":4,"_wandb":{"runtime":26},"test_recall":0.1,"val_recall":0.1,"val_f1":0.02019778243931675,"val_loss":2.301328137944409,"train_precision":0.011237037037037037,"val_accuracy":0.11233333333333333,"test_loss":2.3009654198673126,"test_precision":0.01135,"test_accuracy":0.1135}