{"_runtime":8,"test_accuracy":0.098,"_wandb":{"runtime":8},"epoch":5,"train_loss":14.527153841509474,"train_accuracy":0.09870532187993682,"val_accuracy":0.09866666666666667,"_timestamp":1.772743133666669e+09,"_step":5,"val_loss":14.527776889930433}