{"train_recall":0.893446969435977,"train_loss":0.29085859010078235,"_timestamp":1.7729073448384848e+09,"test_f1":0.863514814115492,"layer_3_activation_mean":0.5714210058340419,"val_recall":0.8680950654210916,"layer_3_zero_fraction":0.71923828125,"train_precision":0.894499862359147,"val_accuracy":0.8676666666666667,"train_f1":0.8915469884979906,"_step":135049,"layer_3_activation_std":1.5147422017015635,"val_f1":0.8647097593926235,"neuron_4_grad":0.00021140997093254622,"val_precision":0.8684680703647449,"neuron_1_grad":-0.0014860908385983538,"neuron_2_grad":0,"batch_loss_mean":0.31975286143023735,"test_precision":0.8672848406265457,"layer_1_zero_fraction":0.7763671875,"layer_1_activation_mean":0.9672906356236702,"val_loss":0.3750006002553351,"epoch":10,"layer_2_activation_std":3.155155917460835,"test_accuracy":0.8664,"_runtime":242,"test_loss":0.41314112447719015,"layer_2_zero_fraction":0.82373046875,"test_recall":0.8664000000000002,"neuron_5_grad":-6.379247125790545e-05,"layer_1_activation_std":4.996193291092932,"layer_2_activation_mean":0.6943923134941515,"_wandb":{"runtime":242},"neuron_3_grad":0,"train_accuracy":0.8934814814814814}