{"val_f1":0.963859159656924,"_step":9,"train_precision":0.9758049537255046,"test_f1":0.9671070833493388,"train_f1":0.9757337251982905,"_wandb":{"runtime":65},"epoch":10,"test_recall":0.9669467636394588,"train_recall":0.9757371851703841,"train_loss":0.08614076875349033,"_runtime":65,"val_loss":0.11475150457669675,"batch_loss_mean":0.09660320233066559,"val_recall":0.9637528627504374,"_timestamp":1.7728888346554732e+09,"val_accuracy":0.9641666666666666,"test_precision":0.9673933486307729,"test_accuracy":0.9674,"test_loss":0.10818211534962655,"train_accuracy":0.9758703703703704,"val_precision":0.9641464706254708}