{"epoch":5,"train_loss":2.3114589357084547,"val_loss":2.3138324323852695,"_step":5,"val_accuracy":0.09733333333333333,"_timestamp":1.7727430261878324e+09,"_runtime":12,"_wandb":{"runtime":12},"train_accuracy":0.09736621248025276,"test_accuracy":0.0982}