{"test_f1":0.0203861697350696,"_timestamp":1.772880314017e+09,"train_loss":2.301293888484532,"train_accuracy":0.11237037037037037,"val_precision":0.011233333333333333,"val_loss":2.301733548245993,"val_f1":0.02019778243931675,"train_f1":0.020203769061730038,"batch_loss_mean":2.3014824434744465,"_wandb":{"runtime":28},"val_accuracy":0.11233333333333333,"train_precision":0.011237037037037037,"train_recall":0.1,"_step":9,"test_precision":0.01135,"_runtime":28,"test_recall":0.1,"test_loss":2.301125504599216,"test_accuracy":0.1135,"val_recall":0.1,"epoch":10}