{"test_recall":0.7061042899083663,"_step":4,"test_precision":0.7275367962225812,"_timestamp":1.7728798453589985e+09,"epoch":5,"val_recall":0.6983080071199221,"test_loss":1.1527396136116614,"val_accuracy":0.7056666666666667,"_wandb":{"runtime":11},"val_loss":1.1667867710079771,"_runtime":11,"train_precision":0.7226381217648604,"batch_loss_mean":1.3155142733840521,"test_accuracy":0.7138,"train_f1":0.6824966770526614,"train_recall":0.6996914669045359,"val_precision":0.7213500930042749,"train_accuracy":0.7085370370370371,"val_f1":0.6775820301249696,"train_loss":1.1667883888830215,"test_f1":0.6881007920156067}