{"train_loss":1.2199836251087528,"_runtime":10,"test_loss":1.2052435926798997,"train_f1":0.6680709966044296,"val_recall":0.694761120598915,"train_precision":0.7480872589149488,"_step":9,"epoch":10,"test_recall":0.7040809048823605,"batch_loss_mean":1.2862400507435878,"_wandb":{"runtime":10},"test_f1":0.6770202832908592,"val_f1":0.6650046036923699,"_timestamp":1.7728790297926166e+09,"val_loss":1.219109491295794,"train_recall":0.6952886373269056,"test_precision":0.7563352142607289,"train_accuracy":0.706,"test_accuracy":0.7141,"val_accuracy":0.7041666666666667,"val_precision":0.7455708765833695}