{"train_loss":14.528844745589597,"train_accuracy":0.09860041469194313,"_timestamp":1.7727448645248213e+09,"_runtime":26,"_wandb":{"runtime":26},"_step":5,"val_loss":14.527776889930433,"epoch":5,"test_accuracy":0.0958,"val_accuracy":0.09866666666666667}