{"_wandb":{"runtime":16},"train_loss":3.5659217813096222,"test_accuracy":0.098,"train_accuracy":0.09873000592417061,"_step":5,"_timestamp":1.7727441703482876e+09,"val_accuracy":0.09866666666666667,"epoch":5,"_runtime":16,"val_loss":4.2051014897260135}