{"epoch":5,"train_accuracy":0.09915051624915368,"_timestamp":1.7727430805746908e+09,"test_accuracy":0.1009,"_wandb":{"runtime":10},"_step":5,"val_accuracy":0.09916666666666667,"train_loss":14.519978156127598,"val_loss":14.519717842154954,"_runtime":10}