{"batch_loss_mean":0.08487417909864313,"val_accuracy":0.9701666666666666,"train_accuracy":0.985,"val_loss":0.19636602426936972,"val_f1":0.969813047693737,"_wandb":{"runtime":58},"val_recall":0.9699440264375749,"_step":9,"train_f1":0.9848343413122475,"_runtime":58,"val_precision":0.9699457825822874,"train_recall":0.9849160712798044,"test_precision":0.9702576710796628,"test_accuracy":0.9705,"test_f1":0.9701632883472916,"epoch":10,"_timestamp":1.7728784503142643e+09,"train_precision":0.9848403698965159,"test_recall":0.9702500041169422,"test_loss":0.2256535017494242,"train_loss":0.071230604520998}