{"train_f1":0.993317572870238,"val_precision":0.9765655827432731,"val_recall":0.9763794192616511,"test_accuracy":0.9773,"epoch":10,"_step":9,"train_accuracy":0.9933518518518518,"val_loss":0.07341030944936046,"test_recall":0.9769889540245332,"val_accuracy":0.9766666666666667,"_runtime":31,"_wandb":{"runtime":31},"test_precision":0.9774018960427661,"val_f1":0.976429432706318,"test_f1":0.9771188974612226,"train_precision":0.9933613206282497,"train_recall":0.9932993263583754,"train_loss":0.024141696460642143,"_timestamp":1.772878076242348e+09,"test_loss":0.06930360850642484,"batch_loss_mean":0.03299344027947313}