{"_timestamp":1.772744389059075e+09,"train_accuracy":0.0903436018957346,"_wandb":{"runtime":13},"_runtime":13,"_step":5,"test_accuracy":0.0892,"val_accuracy":0.09033333333333333,"train_loss":14.661928843185281,"epoch":5,"val_loss":14.662094352855087}