{"epoch":5,"val_loss":14.527776889930433,"val_accuracy":0.09866666666666667,"_step":5,"_timestamp":1.7727455361546986e+09,"train_loss":14.526457586888327,"_runtime":16,"test_accuracy":0.098,"_wandb":{"runtime":16},"train_accuracy":0.09874851895734597}