{"train_recall":0.9928103714780635,"layer_1_activation_std":1.2991449590815503,"batch_loss_mean":0.028834818402101826,"val_accuracy":0.976,"test_recall":0.9746736273255179,"layer_1_zero_fraction":0.5654296875,"neuron_1_grad":-4.599270451508584e-05,"train_accuracy":0.9929629629629629,"neuron_4_grad":-1.7900512068153064e-08,"val_precision":0.9760390645841399,"_step":118169,"layer_2_activation_std":2.0104812974443727,"neuron_2_grad":-1.9832951063791834e-05,"val_f1":0.9757790327597242,"_wandb":{"runtime":140},"val_loss":0.14475672697384087,"_runtime":140,"val_recall":0.9756689497744379,"layer_1_activation_mean":0.7199140681811982,"layer_2_zero_fraction":0.46923828125,"train_f1":0.9929066130589528,"layer_2_activation_mean":1.3534550171532556,"test_loss":0.15518572914423595,"neuron_5_grad":-1.5229305538889088e-09,"_timestamp":1.7729057529414907e+09,"neuron_3_grad":-1.1566425273660536e-05,"train_precision":0.9930443313662153,"test_f1":0.9749303857299033,"test_accuracy":0.9752,"test_precision":0.97534960231507,"epoch":10,"train_loss":0.02242228123636873}