{"_step":5,"epoch":5,"train_loss":2.7746240491990704,"_timestamp":1.7727424982261534e+09,"_runtime":22,"train_accuracy":0.09000419628751975,"_wandb":{"runtime":22},"val_loss":2.910894785679552,"test_accuracy":0.1003,"val_accuracy":0.09716666666666667}