{"_timestamp":1.772880739384777e+09,"_wandb":{"runtime":11},"train_precision":0.9751127929937338,"train_recall":0.9745569713088799,"val_recall":0.9626860421382508,"train_accuracy":0.9749444444444444,"test_loss":0.28345960151167354,"_runtime":11,"test_precision":0.9626814598162987,"test_accuracy":0.9627,"batch_loss_mean":0.17705953636611704,"_step":4,"val_precision":0.9625740663193094,"train_f1":0.974703781397638,"test_recall":0.9619900177923955,"epoch":5,"val_f1":0.9624219104619082,"train_loss":0.13615266978320256,"test_f1":0.9621290125031182,"val_accuracy":0.9628333333333333,"val_loss":0.24948687919581955}