{"train_f1":0.36529209566942594,"test_loss":2.1807165891015123,"_wandb":{"runtime":8},"val_accuracy":0.4255,"_timestamp":1.7728780999204636e+09,"val_f1":0.36691479228863405,"_runtime":8,"train_loss":2.1830374082936506,"train_recall":0.4122450059910977,"epoch":10,"train_precision":0.4860683677741746,"val_recall":0.4157923437764016,"batch_loss_mean":2.2001382821793296,"test_precision":0.4867618086882609,"_step":9,"val_precision":0.4904903905788438,"val_loss":2.183306073164673,"train_accuracy":0.42403703703703705,"test_recall":0.41428552887171166,"test_accuracy":0.4267,"test_f1":0.3682248135188421}