{"test_loss":0.12403241184476539,"_step":4,"val_accuracy":0.9645,"val_loss":0.13076052191738208,"train_loss":0.08149886988172905,"val_precision":0.9650554488755645,"_runtime":27,"batch_loss_mean":0.09779578281637608,"epoch":5,"val_recall":0.964342040909786,"_wandb":{"runtime":27},"train_precision":0.9765165520122474,"test_accuracy":0.9652,"test_precision":0.9652248903199278,"test_f1":0.9648813860594467,"_timestamp":1.7728807989726038e+09,"train_recall":0.9758798639963654,"test_recall":0.9648076504392629,"val_f1":0.9643922117317336,"train_f1":0.976072559204329,"train_accuracy":0.9762222222222222}