{"epoch":10,"_step":9,"_runtime":23,"train_precision":0.011237037037037037,"_timestamp":1.7728783603996053e+09,"train_f1":0.020203769061730038,"test_recall":0.1,"batch_loss_mean":2.301232136520414,"val_f1":0.02019778243931675,"test_f1":0.0203861697350696,"val_accuracy":0.11233333333333333,"train_loss":2.301124123751302,"val_loss":2.3013932025797232,"_wandb":{"runtime":23},"train_accuracy":0.11237037037037037,"test_precision":0.01135,"test_accuracy":0.1135,"val_recall":0.1,"val_precision":0.011233333333333333,"test_loss":2.3010272490182966,"train_recall":0.1}