{"val_recall":0.9449839019841348,"epoch":10,"val_f1":0.9452027610538967,"batch_loss_mean":0.2025634236332958,"_runtime":11,"test_loss":0.19930240087178341,"test_f1":0.9419086822509615,"train_precision":0.944732580240303,"test_precision":0.9421932880648345,"_step":9,"val_accuracy":0.946,"train_loss":0.19509250747954304,"val_precision":0.9456097901303343,"_timestamp":1.7728799670331478e+09,"train_accuracy":0.9451111111111111,"_wandb":{"runtime":11},"test_recall":0.9418095612504034,"train_recall":0.9444339063161806,"test_accuracy":0.9426,"val_loss":0.1959103665290401,"train_f1":0.9445601517559027}