{"_timestamp":1.772879621498642e+09,"_runtime":10,"train_loss":2.301803028102197,"train_accuracy":0.11237037037037037,"test_recall":0.1,"val_accuracy":0.11233333333333333,"val_loss":2.3020452551500177,"val_f1":0.02019778243931675,"_step":4,"val_precision":0.011233333333333333,"train_f1":0.020203769061730038,"test_loss":2.3018866351020058,"test_f1":0.0203861697350696,"batch_loss_mean":2.3019181101485198,"_wandb":{"runtime":10},"train_precision":0.011237037037037037,"test_precision":0.01135,"epoch":5,"val_recall":0.1,"train_recall":0.1,"test_accuracy":0.1135}