{"val_loss":0.3565982672157095,"val_accuracy":0.9013333333333333,"val_precision":0.9007219515355261,"test_precision":0.9014220006910584,"train_accuracy":0.898,"_wandb":{"runtime":5},"batch_loss_mean":0.38383127549217116,"epoch":5,"_step":4,"test_f1":0.9012931231598623,"train_f1":0.8965067025586556,"test_accuracy":0.9029,"_timestamp":1.7728782773415601e+09,"test_loss":0.3508211940790594,"test_recall":0.9015611722641095,"train_recall":0.896591697964826,"val_f1":0.8998693351798192,"train_precision":0.8967146474888257,"train_loss":0.36733603325538616,"val_recall":0.8996425311334818,"_runtime":5}