{"batch_loss_mean":0.560262130194857,"test_loss":0.49941927655125007,"train_accuracy":0.8629814814814815,"val_precision":0.8645945899613704,"_timestamp":1.7728781905893419e+09,"val_accuracy":0.8663333333333333,"_wandb":{"runtime":5},"test_accuracy":0.8678,"test_precision":0.865608258435248,"epoch":5,"test_recall":0.8653071565152489,"test_f1":0.8648242841541915,"train_loss":0.5179490075641386,"val_loss":0.5091639037972575,"train_recall":0.8605196157122309,"_runtime":5,"_step":4,"train_f1":0.8603866548495714,"val_recall":0.8634348131531449,"val_f1":0.8634913041255825,"train_precision":0.8610425054954571}