{"epoch":10,"train_loss":0.5935909963776194,"val_precision":0.8530623683086445,"val_accuracy":0.8551666666666666,"_wandb":{"runtime":12},"batch_loss_mean":0.6195839252207166,"test_accuracy":0.8545,"test_f1":0.8511509273216946,"_step":9,"test_loss":0.577280840719264,"val_recall":0.8519876808195918,"_runtime":12,"train_recall":0.8468227831614616,"test_precision":0.8524503114549187,"val_loss":0.5875234209216221,"train_f1":0.8466864057846433,"val_f1":0.8517753272295163,"train_precision":0.8476233919821006,"test_recall":0.8516138476107947,"train_accuracy":0.8495370370370371,"_timestamp":1.7728790580657318e+09}