{"train_precision":0.3577105668739945,"batch_loss_mean":2.299408855221022,"_timestamp":1.7728797833658235e+09,"val_precision":0.3643841898706367,"val_f1":0.20346416019142985,"val_accuracy":0.2786666666666667,"_wandb":{"runtime":8},"_step":9,"test_recall":0.2737877416970252,"test_accuracy":0.2864,"train_loss":2.299281723949726,"train_recall":0.2699181108492478,"test_loss":2.299166976278485,"val_recall":0.2694739863483916,"train_accuracy":0.28146296296296297,"epoch":10,"val_loss":2.2993555401088153,"test_precision":0.3682728748197799,"train_f1":0.20201644517016876,"test_f1":0.20308420776172104,"_runtime":8}