{"epoch":5,"test_accuracy":0.1135,"batch_loss_mean":2.3018634538010208,"test_f1":0.0203861697350696,"train_precision":0.011237037037037037,"train_f1":0.020203769061730038,"val_f1":0.02019778243931675,"train_accuracy":0.11237037037037037,"val_recall":0.1,"_step":4,"_wandb":{"runtime":7},"test_loss":2.3017661685162123,"val_precision":0.011233333333333333,"test_precision":0.01135,"train_recall":0.1,"_runtime":7,"test_recall":0.1,"_timestamp":1.7728787873624518e+09,"val_accuracy":0.11233333333333333,"train_loss":2.3017931293665232,"val_loss":2.3018577050547426}