{"_step":5,"train_accuracy":0.09873000592417061,"val_accuracy":0.09866666666666667,"val_loss":14.527776889930433,"_timestamp":1.77274182832905e+09,"_wandb":{"runtime":52},"_runtime":52,"epoch":5,"test_accuracy":0.098,"train_loss":14.526755981726048}