{"train_accuracy":0.11237037037037037,"train_precision":0.011237037037037037,"test_loss":2.3023748309342036,"val_f1":0.02019778243931675,"_step":9,"val_accuracy":0.11233333333333333,"train_loss":2.302378551033564,"test_accuracy":0.1135,"test_f1":0.0203861697350696,"_wandb":{"runtime":15},"train_f1":0.020203769061730038,"test_recall":0.1,"_runtime":15,"test_precision":0.01135,"val_precision":0.011233333333333333,"batch_loss_mean":2.302387211314013,"epoch":10,"_timestamp":1.772879652657704e+09,"val_loss":2.3024024052191385,"val_recall":0.1,"train_recall":0.1}