{"batch_loss_mean":0.38450234178102416,"val_precision":0.9012177230549089,"val_recall":0.9000955536259626,"train_loss":0.3712858015029202,"train_f1":0.8947785593513494,"_step":4,"_runtime":6,"train_recall":0.8949042833709093,"test_accuracy":0.9031,"val_accuracy":0.9018333333333334,"test_recall":0.9018452846632053,"train_accuracy":0.8962962962962963,"val_f1":0.9002851194872351,"_wandb":{"runtime":6},"train_precision":0.8951410993432514,"test_precision":0.9021120603379197,"_timestamp":1.7728804294819782e+09,"val_loss":0.3607969559155745,"epoch":5,"test_f1":0.9016485636372092,"test_loss":0.3545510166206512}