{"_timestamp":1.7727451747784605e+09,"train_accuracy":0.09927922590837283,"val_accuracy":0.09933333333333333,"epoch":5,"_runtime":14,"val_loss":2.324812850091511,"test_accuracy":0.1032,"_wandb":{"runtime":14},"train_loss":2.320141867198427,"_step":5}