{"val_accuracy":0.09916666666666667,"train_loss":9.751292156403606,"train_accuracy":0.09913729265402843,"_runtime":36,"_timestamp":1.77274169524015e+09,"_step":5,"val_loss":13.939124009678531,"test_accuracy":0.1009,"epoch":5,"_wandb":{"runtime":36}}