{"_timestamp":1.772888926416536e+09,"test_loss":0.0873765630112108,"batch_loss_mean":0.05059212646281053,"train_precision":0.9909519759518078,"_wandb":{"runtime":71},"val_accuracy":0.9758333333333333,"test_precision":0.9786024329373921,"train_recall":0.9909348352866983,"_step":9,"epoch":10,"test_f1":0.9786058341347535,"val_recall":0.9755553010648969,"train_loss":0.03221293447917411,"_runtime":71,"train_accuracy":0.991,"test_accuracy":0.9788,"val_f1":0.9755246998830964,"val_loss":0.09426831647114228,"test_recall":0.9786465838115008,"val_precision":0.9756220632110979,"train_f1":0.9909274756882939}