{"val_loss":14.517031492896463,"train_accuracy":0.09930390995260663,"test_accuracy":0.1032,"_timestamp":1.7727453695252533e+09,"val_accuracy":0.09933333333333333,"_step":5,"epoch":5,"_runtime":30,"train_loss":14.517505741758596,"_wandb":{"runtime":30}}