{"val_precision":0.9380061348717705,"train_f1":0.9424358777941307,"_step":4,"test_f1":0.9400043670017691,"test_accuracy":0.9408,"test_recall":0.940056315078335,"val_recall":0.937363032902125,"train_precision":0.9425400108702588,"_runtime":5,"epoch":5,"val_f1":0.9375383931385685,"test_precision":0.9403005678062722,"val_accuracy":0.9383333333333334,"test_loss":0.20536581433359866,"train_accuracy":0.943037037037037,"_timestamp":1.7728796876385055e+09,"val_loss":0.2074310141756738,"train_recall":0.9424262984346317,"train_loss":0.2039127673222116,"batch_loss_mean":0.21740287232257643,"_wandb":{"runtime":5}}