{"train_loss":0.07812554365228634,"_runtime":24,"val_precision":0.9670691372667237,"batch_loss_mean":0.10677694052015516,"val_recall":0.9667378994873221,"val_f1":0.9666978153683783,"train_f1":0.9760153927750771,"test_recall":0.9643706228412254,"train_recall":0.9757910976852593,"val_accuracy":0.967,"test_accuracy":0.9649,"test_loss":0.1094938700122098,"test_f1":0.9646884748159232,"train_accuracy":0.9761111111111112,"_step":9,"train_precision":0.9765023286181072,"val_loss":0.10341172663401164,"_wandb":{"runtime":24},"_timestamp":1.772878515645224e+09,"epoch":10,"test_precision":0.9654950291069705}