{"step":8439,"train_loss":0.033891212556015356,"first_layer_grad_norm":0.5000989348132411,"_timestamp":1.7728917002631729e+09,"batch_loss":0.020039166685912897,"train_accuracy":0.9902037037037037,"epoch":5,"epoch_loss_mean":0.05558547823172535,"_wandb":{"runtime":30},"_step":8444,"val_accuracy":0.9741666666666666,"val_loss":0.09894904884914166,"_runtime":30}