{"train_loss":2.437405390211014,"val_loss":2.5566873320564203,"test_accuracy":0.0892,"_timestamp":1.772745468669925e+09,"epoch":5,"train_accuracy":0.0903806279620853,"val_accuracy":0.09033333333333333,"_wandb":{"runtime":23},"_step":5,"_runtime":23}