{"epoch":5,"train_loss":0.19411344630297322,"test_recall":0.942572540932753,"test_loss":0.19810421299212905,"batch_loss_mean":0.2075750430289239,"val_loss":0.19455425695673192,"train_f1":0.9435531720392134,"test_precision":0.9424471504943298,"val_precision":0.9435285791072385,"_step":4,"_wandb":{"runtime":8},"_runtime":8,"train_precision":0.9435203038188591,"val_accuracy":0.944,"test_f1":0.9424432086511357,"val_f1":0.9432313312118291,"test_accuracy":0.9432,"train_recall":0.943677194028037,"train_accuracy":0.9441666666666667,"_timestamp":1.772877992110158e+09,"val_recall":0.9432870764611143}