{"_runtime":15,"train_accuracy":0.09033566773865945,"test_accuracy":0.0892,"epoch":5,"train_loss":2.303084452785858,"_timestamp":1.7727442309704604e+09,"_step":5,"val_loss":2.30315698851822,"val_accuracy":0.09033333333333333,"_wandb":{"runtime":15}}