{"val_precision":0.3105584054725889,"epoch":5,"val_accuracy":0.18783333333333332,"train_precision":0.3245186474568456,"train_accuracy":0.18898148148148147,"_timestamp":1.7728788348628232e+09,"train_f1":0.12804331408837055,"test_f1":0.133570205768779,"_wandb":{"runtime":17},"batch_loss_mean":2.2707144229647684,"test_recall":0.18000078644824813,"train_recall":0.17689479310003225,"train_loss":2.2666003285095893,"test_accuracy":0.1923,"test_precision":0.29409030065631264,"val_loss":2.266601944389449,"test_loss":2.2656989927466205,"_runtime":17,"_step":4,"val_f1":0.12960450240780214,"val_recall":0.17624344978756584}